时间/h,全域最大水分浓度/(kg/kg),中心水分浓度/(kg/kg),表面水分浓度/(kg/kg)
0.00000000,2.55000000,2.55000000,2.55000000
0.01666667,2.55000000,2.55000000,2.32709025
0.03333333,2.55000000,2.55000000,2.24210071
0.05000000,2.55000000,2.55000000,2.17984252
0.06666667,2.55000000,2.55000000,2.12929087
0.08333333,2.55000000,2.55000000,2.08636031
0.10000000,2.55000000,2.55000000,2.04887883
0.11666667,2.55000000,2.55000000,2.01546586
0.13333333,2.55000000,2.55000000,1.98522854
0.15000000,2.55000000,2.55000000,1.95764491
0.16666667,2.55000000,2.55000000,1.93233626
0.18333333,2.55000000,2.55000000,1.90899518
0.20000000,2.55000000,2.55000000,1.88732437
0.21666667,2.55000000,2.55000000,1.86709247
0.23333333,2.55000000,2.55000000,1.84812618
0.25000000,2.55000000,2.55000000,1.83024313
0.26666667,2.55000000,2.55000000,1.81341090
0.28333333,2.54999999,2.54999999,1.79749318
0.30000000,2.54999996,2.54999996,1.78248804
0.31666667,2.54999989,2.54999989,1.76831032
0.33333333,2.54999974,2.54999974,1.75483949
0.35000000,2.54999944,2.54999944,1.74197203
0.36666667,2.54999887,2.54999887,1.72973975
0.38333333,2.54999783,2.54999783,1.71813532
0.40000000,2.54999604,2.54999604,1.70699886
0.41666667,2.54999310,2.54999310,1.69625129
0.43333333,2.54998844,2.54998844,1.68592691
0.45000000,2.54998132,2.54998132,1.67600306
0.46666667,2.54997075,2.54997075,1.66644031
0.48333333,2.54995550,2.54995550,1.65732870
0.50000000,2.54993405,2.54993405,1.64861879
0.51666667,2.54990454,2.54990454,1.64024535
0.53333333,2.54986477,2.54986477,1.63210853
0.55000000,2.54981219,2.54981219,1.62418114
0.56666667,2.54974381,2.54974381,1.61652752
0.58333333,2.54965629,2.54965629,1.60909201
0.60000000,2.54954586,2.54954586,1.60185318
0.61666667,2.54940838,2.54940838,1.59487658
0.63333333,2.54923931,2.54923931,1.58810406
0.65000000,2.54903376,2.54903376,1.58152649
0.66666667,2.54878651,2.54878651,1.57514549
0.68333333,2.54849201,2.54849201,1.56895028
0.70000000,2.54814446,2.54814446,1.56292998
0.71666667,2.54773778,2.54773778,1.55699156
0.73333333,2.54726572,2.54726572,1.55120699
0.75000000,2.54672186,2.54672186,1.54559114
0.76666667,2.54609970,2.54609970,1.54004215
0.78333333,2.54539269,2.54539269,1.53455367
0.80000000,2.54459428,2.54459428,1.52920228
0.81666667,2.54369799,2.54369799,1.52394179
0.83333333,2.54269746,2.54269746,1.51870956
0.85000000,2.54158654,2.54158654,1.51357330
0.86666667,2.54035927,2.54035927,1.50857757
0.88333333,2.53900999,2.53900999,1.50373497
0.90000000,2.53753333,2.53753333,1.49894704
0.91666667,2.53592424,2.53592424,1.49423143
0.93333333,2.53417788,2.53417788,1.48953894
0.95000000,2.53228977,2.53228977,1.48488256
0.96666667,2.53025584,2.53025584,1.48024336
0.98333333,2.52807247,2.52807247,1.47561773
1.00000000,2.52573656,2.52573656,1.47109381
1.01666667,2.52324553,2.52324553,1.46665722
1.03333333,2.52059733,2.52059733,1.46225033
1.05000000,2.51779030,2.51779030,1.45791793
1.06666667,2.51482312,2.51482312,1.45361353
1.08333333,2.51169489,2.51169489,1.44931539
1.10000000,2.50840511,2.50840511,1.44504863
1.11666667,2.50495368,2.50495368,1.44077698
1.13333333,2.50134099,2.50134099,1.43647973
1.15000000,2.49756789,2.49756789,1.43224237
1.16666667,2.49363573,2.49363573,1.42804683
1.18333333,2.48954636,2.48954636,1.42386803
1.20000000,2.48530196,2.48530196,1.41977995
1.21666667,2.48090494,2.48090494,1.41568306
1.23333333,2.47635788,2.47635788,1.41152415
1.25000000,2.47166347,2.47166347,1.40739760
1.26666667,2.46682476,2.46682476,1.40331890
1.28333333,2.46184523,2.46184523,1.39928395
1.30000000,2.45672862,2.45672862,1.39529567
1.31666667,2.45147872,2.45147872,1.39132641
1.33333333,2.44609923,2.44609923,1.38735978
1.35000000,2.44059388,2.44059388,1.38336055
1.36666667,2.43496644,2.43496644,1.37939607
1.38333333,2.42922085,2.42922085,1.37541896
1.40000000,2.42336127,2.42336127,1.37137252
1.41666667,2.41739198,2.41739198,1.36733856
1.43333333,2.41131755,2.41131755,1.36338096
1.45000000,2.40514285,2.40514285,1.35946030
1.46666667,2.39887271,2.39887271,1.35548150
1.48333333,2.39251156,2.39251156,1.35152881
1.50000000,2.38606363,2.38606363,1.34756756
1.51666667,2.37953325,2.37953325,1.34364439
1.53333333,2.37292478,2.37292478,1.33975243
1.55000000,2.36624250,2.36624250,1.33581506
1.56666667,2.35949047,2.35949047,1.33187977
1.58333333,2.35267263,2.35267263,1.32796538
1.60000000,2.34579298,2.34579298,1.32406897
1.61666667,2.33885551,2.33885551,1.32011209
1.63333333,2.33186404,2.33186404,1.31615976
1.65000000,2.32482236,2.32482236,1.31228010
1.66666667,2.31773440,2.31773440,1.30848082
1.68333333,2.31060400,2.31060400,1.30464627
1.70000000,2.30343430,2.30343430,1.30074343
1.71666667,2.29622800,2.29622800,1.29687888
1.73333333,2.28898790,2.28898790,1.29305729
1.75000000,2.28171713,2.28171713,1.28921164
1.76666667,2.27441863,2.27441863,1.28532073
1.78333333,2.26709508,2.26709508,1.28140325
1.80000000,2.25974926,2.25974926,1.27745428
1.81666667,2.25238413,2.25238413,1.27358457
1.83333333,2.24500286,2.24500286,1.26973217
1.85000000,2.23760853,2.23760853,1.26582553
1.86666667,2.23020367,2.23020367,1.26191394
1.88333333,2.22279054,2.22279054,1.25803736
1.90000000,2.21537157,2.21537157,1.25414895
1.91666667,2.20794917,2.20794917,1.25029714
1.93333333,2.20052545,2.20052545,1.24649092
1.95000000,2.19310235,2.19310235,1.24266007
1.96666667,2.18568146,2.18568146,1.23880235
1.98333333,2.17826404,2.17826404,1.23494938
2.00000000,2.17085145,2.17085145,1.23109265
2.01666667,2.16344526,2.16344526,1.22724045
2.03333333,2.15604707,2.15604707,1.22334838
2.05000000,2.14865835,2.14865835,1.21946064
2.06666667,2.14128059,2.14128059,1.21556688
2.08333333,2.13391546,2.13391546,1.21169504
2.10000000,2.12656465,2.12656465,1.20784606
2.11666667,2.11922975,2.11922975,1.20396053
2.13333333,2.11191201,2.11191201,1.20007569
2.15000000,2.10461250,2.10461250,1.19623381
2.16666667,2.09733232,2.09733232,1.19238256
2.18333333,2.09007255,2.09007255,1.18857022
2.20000000,2.08283393,2.08283393,1.18478814
2.21666667,2.07561701,2.07561701,1.18095402
2.23333333,2.06842203,2.06842203,1.17712861
2.25000000,2.06124921,2.06124921,1.17329604
2.26666667,2.05409907,2.05409907,1.16949292
2.28333333,2.04697226,2.04697226,1.16572047
2.30000000,2.03986955,2.03986955,1.16194578
2.31666667,2.03279130,2.03279130,1.15813307
2.33333333,2.02573773,2.02573773,1.15431499
2.35000000,2.01870911,2.01870911,1.15053211
2.36666667,2.01170605,2.01170605,1.14678263
2.38333333,2.00472919,2.00472919,1.14303595
2.40000000,1.99777884,1.99777884,1.13927028
2.41666667,1.99085496,1.99085496,1.13547985
2.43333333,1.98395758,1.98395758,1.13169075
2.45000000,1.97708707,1.97708707,1.12791282
2.46666667,1.97024397,1.97024397,1.12416579
2.48333333,1.96342883,1.96342883,1.12038009
2.50000000,1.95664191,1.95664191,1.11664752
2.51666667,1.94988348,1.94988348,1.11300252
2.53333333,1.94315381,1.94315381,1.10929553
2.55000000,1.93645272,1.93645272,1.10555407
2.56666667,1.92977974,1.92977974,1.10182595
2.58333333,1.92313481,1.92313481,1.09812822
2.60000000,1.91651813,1.91651813,1.09443150
2.61666667,1.90992998,1.90992998,1.09074467
2.63333333,1.90337045,1.90337045,1.08709810
2.65000000,1.89683954,1.89683954,1.08345841
2.66666667,1.89033708,1.89033708,1.07978542
2.68333333,1.88386274,1.88386274,1.07613453
2.70000000,1.87741632,1.87741632,1.07247640
2.71666667,1.87099790,1.87099790,1.06878069
2.73333333,1.86460753,1.86460753,1.06512466
2.75000000,1.85824542,1.85824542,1.06148276
2.76666667,1.85191198,1.85191198,1.05788481
2.78333333,1.84560736,1.84560736,1.05430754
2.80000000,1.83933141,1.83933141,1.05071175
2.81666667,1.83308368,1.83308368,1.04713268
2.83333333,1.82686370,1.82686370,1.04354993
2.85000000,1.82067127,1.82067127,1.03993329
2.86666667,1.81450620,1.81450620,1.03634402
2.88333333,1.80836852,1.80836852,1.03278095
2.90000000,1.80225838,1.80225838,1.02921613
2.91666667,1.79617586,1.79617586,1.02559632
2.93333333,1.79012084,1.79012084,1.02202980
2.95000000,1.78409336,1.78409336,1.01853105
2.96666667,1.77809374,1.77809374,1.01508051
2.98333333,1.77212195,1.77212195,1.01160676
3.00000000,1.76617736,1.76617736,1.00812304
3.01666667,1.76025921,1.76025921,1.00465825
3.03333333,1.75436694,1.75436694,1.00117591
3.05000000,1.74850015,1.74850015,0.99767475
3.06666667,1.74265861,1.74265861,0.99421184
3.08333333,1.73684240,1.73684240,0.99076552
3.10000000,1.73105183,1.73105183,0.98730952
3.11666667,1.72528694,1.72528694,0.98380632
3.13333333,1.71954768,1.71954768,0.98036636
3.15000000,1.71383417,1.71383417,0.97694781
3.16666667,1.70814669,1.70814669,0.97354905
3.18333333,1.70248523,1.70248523,0.97014801
3.20000000,1.69684957,1.69684957,0.96670225
3.21666667,1.69123941,1.69123941,0.96330043
3.23333333,1.68565463,1.68565463,0.95991015
3.25000000,1.68009533,1.68009533,0.95648690
3.26666667,1.67456135,1.67456135,0.95312205
3.28333333,1.66905263,1.66905263,0.94982077
3.30000000,1.66356919,1.66356919,0.94648524
3.31666667,1.65811074,1.65811074,0.94312545
3.33333333,1.65267676,1.65267676,0.93980641
3.35000000,1.64726706,1.64726706,0.93655551
3.36666667,1.64188159,1.64188159,0.93327470
3.38333333,1.63651995,1.63651995,0.92994484
3.40000000,1.63118157,1.63118157,0.92660927
3.41666667,1.62586622,1.62586622,0.92330318
3.43333333,1.62057419,1.62057419,0.92000651
3.45000000,1.61530591,1.61530591,0.91674217
3.46666667,1.61006165,1.61006165,0.91349769
3.48333333,1.60484135,1.60484135,0.91024245
3.50000000,1.59964470,1.59964470,0.90705742
3.51666667,1.59447139,1.59447139,0.90387807
3.53333333,1.58932109,1.58932109,0.90065444
3.55000000,1.58419328,1.58419328,0.89746296
3.56666667,1.57908760,1.57908760,0.89432001
3.58333333,1.57400386,1.57400386,0.89119748
3.60000000,1.56894178,1.56894178,0.88802459
3.61666667,1.56390091,1.56390091,0.88482925
3.63333333,1.55888102,1.55888102,0.88170673
3.65000000,1.55388229,1.55388229,0.87860319
3.66666667,1.54890492,1.54890492,0.87545514
3.68333333,1.54394874,1.54394874,0.87234902
3.70000000,1.53901351,1.53901351,0.86926405
3.71666667,1.53409923,1.53409923,0.86622458
3.73333333,1.52920576,1.52920576,0.86316528
3.75000000,1.52433276,1.52433276,0.86011602
3.76666667,1.51947978,1.51947978,0.85705933
3.78333333,1.51464664,1.51464664,0.85397513
3.80000000,1.50983324,1.50983324,0.85095527
3.81666667,1.50503971,1.50503971,0.84791084
3.83333333,1.50026614,1.50026614,0.84484916
3.85000000,1.49551246,1.49551246,0.84181757
3.86666667,1.49077881,1.49077881,0.83885601
3.88333333,1.48606537,1.48606537,0.83591280
3.90000000,1.48137198,1.48137198,0.83297611
3.91666667,1.47669809,1.47669809,0.83006121
3.93333333,1.47204316,1.47204316,0.82712449
3.95000000,1.46740669,1.46740669,0.82419893
3.96666667,1.46278840,1.46278840,0.82124273
3.98333333,1.45818823,1.45818823,0.81825849
4.00000000,1.45360630,1.45360630,0.81534611
4.01666667,1.44904300,1.44904300,0.81245336
4.03333333,1.44449868,1.44449868,0.80956604
4.05000000,1.43997329,1.43997329,0.80668806
4.06666667,1.43546663,1.43546663,0.80381976
4.08333333,1.43097850,1.43097850,0.80096126
4.10000000,1.42650872,1.42650872,0.79811262
4.11666667,1.42205717,1.42205717,0.79527387
4.13333333,1.41762371,1.41762371,0.79244501
4.15000000,1.41320823,1.41320823,0.78962607
4.16666667,1.40881062,1.40881062,0.78681705
4.18333333,1.40443078,1.40443078,0.78401794
4.20000000,1.40006862,1.40006862,0.78122873
4.21666667,1.39572404,1.39572404,0.77844941
4.23333333,1.39139694,1.39139694,0.77567996
4.25000000,1.38708723,1.38708723,0.77292038
4.26666667,1.38279483,1.38279483,0.77017064
4.28333333,1.37851965,1.37851965,0.76743072
4.30000000,1.37426159,1.37426159,0.76470061
4.31666667,1.37002057,1.37002057,0.76198027
4.33333333,1.36579650,1.36579650,0.75926969
4.35000000,1.36158930,1.36158930,0.75656884
4.36666667,1.35739888,1.35739888,0.75387770
4.38333333,1.35322515,1.35322515,0.75119625
4.40000000,1.34906805,1.34906805,0.74852446
4.41666667,1.34492747,1.34492747,0.74586231
4.43333333,1.34080334,1.34080334,0.74320976
4.45000000,1.33669559,1.33669559,0.74056681
4.46666667,1.33260412,1.33260412,0.73793341
4.48333333,1.32852886,1.32852886,0.73530955
4.50000000,1.32446973,1.32446973,0.73269519
4.51666667,1.32042667,1.32042667,0.73009031
4.53333333,1.31639958,1.31639958,0.72749489
4.55000000,1.31238838,1.31238838,0.72490890
4.56666667,1.30839300,1.30839300,0.72233231
4.58333333,1.30441338,1.30441338,0.71976509
4.60000000,1.30044944,1.30044944,0.71720721
4.61666667,1.29650109,1.29650109,0.71465866
4.63333333,1.29256826,1.29256826,0.71211939
4.65000000,1.28865088,1.28865088,0.70958939
4.66666667,1.28474889,1.28474889,0.70706863
4.68333333,1.28086222,1.28086222,0.70455707
4.70000000,1.27699078,1.27699078,0.70205469
4.71666667,1.27313451,1.27313451,0.69956146
4.73333333,1.26929332,1.26929332,0.69707736
4.75000000,1.26546718,1.26546718,0.69460235
4.76666667,1.26165600,1.26165600,0.69213640
4.78333333,1.25785971,1.25785971,0.68967949
4.80000000,1.25407826,1.25407826,0.68723159
4.81666667,1.25031156,1.25031156,0.68479267
4.83333333,1.24655956,1.24655956,0.68236270
4.85000000,1.24282219,1.24282219,0.67994165
4.86666667,1.23909938,1.23909938,0.67752949
4.88333333,1.23539108,1.23539108,0.67512620
4.90000000,1.23169721,1.23169721,0.67273174
4.91666667,1.22801771,1.22801771,0.67034609
4.93333333,1.22435252,1.22435252,0.66796921
4.95000000,1.22070158,1.22070158,0.66560109
4.96666667,1.21706482,1.21706482,0.66324168
4.98333333,1.21344219,1.21344219,0.66089096
5.00000000,1.20983362,1.20983362,0.65854890
5.01666667,1.20623905,1.20623905,0.65621548
5.03333333,1.20265842,1.20265842,0.65389066
5.05000000,1.19909168,1.19909168,0.65157441
5.06666667,1.19553876,1.19553876,0.64926670
5.08333333,1.19199960,1.19199960,0.64696751
5.10000000,1.18847415,1.18847415,0.64467681
5.11666667,1.18496234,1.18496234,0.64239457
5.13333333,1.18146412,1.18146412,0.64012075
5.15000000,1.17797943,1.17797943,0.63785533
5.16666667,1.17450822,1.17450822,0.63559829
5.18333333,1.17105042,1.17105042,0.63334958
5.20000000,1.16760598,1.16760598,0.63110919
5.21666667,1.16417485,1.16417485,0.62887708
5.23333333,1.16075697,1.16075697,0.62665323
5.25000000,1.15735228,1.15735228,0.62443760
5.26666667,1.15396074,1.15396074,0.62223017
5.28333333,1.15058227,1.15058227,0.62003091
5.30000000,1.14721684,1.14721684,0.61783979
5.31666667,1.14386438,1.14386438,0.61565678
5.33333333,1.14052485,1.14052485,0.61348186
5.35000000,1.13719818,1.13719818,0.61131498
5.36666667,1.13388433,1.13388433,0.60915614
5.38333333,1.13058325,1.13058325,0.60700529
5.40000000,1.12729488,1.12729488,0.60486241
5.41666667,1.12401917,1.12401917,0.60272747
5.43333333,1.12075606,1.12075606,0.60060045
5.45000000,1.11750551,1.11750551,0.59848130
5.46666667,1.11426747,1.11426747,0.59637002
5.48333333,1.11104188,1.11104188,0.59426656
5.50000000,1.10782870,1.10782870,0.59217090
5.51666667,1.10462787,1.10462787,0.59008301
5.53333333,1.10143934,1.10143934,0.58800287
5.55000000,1.09826307,1.09826307,0.58593045
5.56666667,1.09509901,1.09509901,0.58386571
5.58333333,1.09194710,1.09194710,0.58180863
5.60000000,1.08880729,1.08880729,0.57975918
5.61666667,1.08567955,1.08567955,0.57771735
5.63333333,1.08256381,1.08256381,0.57568308
5.65000000,1.07946003,1.07946003,0.57365637
5.66666667,1.07636817,1.07636817,0.57163719
5.68333333,1.07328818,1.07328818,0.56962549
5.70000000,1.07022000,1.07022000,0.56762127
5.71666667,1.06716359,1.06716359,0.56562449
5.73333333,1.06411891,1.06411891,0.56363512
5.75000000,1.06108591,1.06108591,0.56165314
5.76666667,1.05806454,1.05806454,0.55967852
5.78333333,1.05505475,1.05505475,0.55771123
5.80000000,1.05205650,1.05205650,0.55575125
5.81666667,1.04906975,1.04906975,0.55379855
5.83333333,1.04609444,1.04609444,0.55185310
5.85000000,1.04313053,1.04313053,0.54991488
5.86666667,1.04017799,1.04017799,0.54798386
5.88333333,1.03723675,1.03723675,0.54606001
5.90000000,1.03430678,1.03430678,0.54414331
5.91666667,1.03138804,1.03138804,0.54223374
5.93333333,1.02848048,1.02848048,0.54033125
5.95000000,1.02558405,1.02558405,0.53843584
5.96666667,1.02269871,1.02269871,0.53654747
5.98333333,1.01982442,1.01982442,0.53466612
6.00000000,1.01696113,1.01696113,0.53279176
6.01666667,1.01410880,1.01410880,0.53092436
6.03333333,1.01126739,1.01126739,0.52906391
6.05000000,1.00843686,1.00843686,0.52721037
6.06666667,1.00561716,1.00561716,0.52536372
6.08333333,1.00280825,1.00280825,0.52352393
6.10000000,1.00001008,1.00001008,0.52169098
6.11666667,0.99722262,0.99722262,0.51986484
6.13333333,0.99444583,0.99444583,0.51804549
6.15000000,0.99167966,0.99167966,0.51623291
6.16666667,0.98892406,0.98892406,0.51442706
6.18333333,0.98617901,0.98617901,0.51262792
6.20000000,0.98344445,0.98344445,0.51083548
6.21666667,0.98072036,0.98072036,0.50904969
6.23333333,0.97800667,0.97800667,0.50727055
6.25000000,0.97530337,0.97530337,0.50549802
6.26666667,0.97261039,0.97261039,0.50373207
6.28333333,0.96992772,0.96992772,0.50197270
6.30000000,0.96725529,0.96725529,0.50021986
6.31666667,0.96459309,0.96459309,0.49847354
6.33333333,0.96194105,0.96194105,0.49673372
6.35000000,0.95929916,0.95929916,0.49500036
6.36666667,0.95666735,0.95666735,0.49327345
6.38333333,0.95404561,0.95404561,0.49155295
6.40000000,0.95143388,0.95143388,0.48983886
6.41666667,0.94883213,0.94883213,0.48813113
6.43333333,0.94624032,0.94624032,0.48642976
6.45000000,0.94365842,0.94365842,0.48473471
6.46666667,0.94108637,0.94108637,0.48304597
6.48333333,0.93852415,0.93852415,0.48136350
6.50000000,0.93597172,0.93597172,0.47968729
6.51666667,0.93342903,0.93342903,0.47801731
6.53333333,0.93089606,0.93089606,0.47635354
6.55000000,0.92837276,0.92837276,0.47469596
6.56666667,0.92585909,0.92585909,0.47304454
6.58333333,0.92335502,0.92335502,0.47139926
6.60000000,0.92086052,0.92086052,0.46976010
6.61666667,0.91837553,0.91837553,0.46812704
6.63333333,0.91590004,0.91590004,0.46650004
6.65000000,0.91343399,0.91343399,0.46487910
6.66666667,0.91097736,0.91097736,0.46326418
6.68333333,0.90853011,0.90853011,0.46165527
6.70000000,0.90609219,0.90609219,0.46005234
6.71666667,0.90366358,0.90366358,0.45845537
6.73333333,0.90124424,0.90124424,0.45686434
6.75000000,0.89883414,0.89883414,0.45527923
6.76666667,0.89643322,0.89643322,0.45370001
6.78333333,0.89404148,0.89404148,0.45212666
6.80000000,0.89165885,0.89165885,0.45055917
6.81666667,0.88928532,0.88928532,0.44899750
6.83333333,0.88692084,0.88692084,0.44744164
6.85000000,0.88456539,0.88456539,0.44589157
6.86666667,0.88221892,0.88221892,0.44434726
6.88333333,0.87988140,0.87988140,0.44280869
6.90000000,0.87755279,0.87755279,0.44127584
6.91666667,0.87523307,0.87523307,0.43974870
6.93333333,0.87292220,0.87292220,0.43822723
6.95000000,0.87062014,0.87062014,0.43671142
6.96666667,0.86832685,0.86832685,0.43520125
6.98333333,0.86604232,0.86604232,0.43369670
7.00000000,0.86376649,0.86376649,0.43219774
7.01666667,0.86149934,0.86149934,0.43070436
7.03333333,0.85924084,0.85924084,0.42921653
7.05000000,0.85699094,0.85699094,0.42773423
7.06666667,0.85474963,0.85474963,0.42625745
7.08333333,0.85251686,0.85251686,0.42478616
7.10000000,0.85029260,0.85029260,0.42332034
7.11666667,0.84807681,0.84807681,0.42185997
7.13333333,0.84586948,0.84586948,0.42040504
7.15000000,0.84367055,0.84367055,0.41895551
7.16666667,0.84148001,0.84148001,0.41751138
7.18333333,0.83929781,0.83929781,0.41607262
7.20000000,0.83712393,0.83712393,0.41463922
7.21666667,0.83495833,0.83495833,0.41321114
7.23333333,0.83280099,0.83280099,0.41178838
7.25000000,0.83065186,0.83065186,0.41037091
7.26666667,0.82851092,0.82851092,0.40895871
7.28333333,0.82637814,0.82637814,0.40755177
7.30000000,0.82425348,0.82425348,0.40615006
7.31666667,0.82213691,0.82213691,0.40475357
7.33333333,0.82002841,0.82002841,0.40336227
7.35000000,0.81792794,0.81792794,0.40197615
7.36666667,0.81583546,0.81583546,0.40059519
7.38333333,0.81375095,0.81375095,0.39921936
7.40000000,0.81167439,0.81167439,0.39784866
7.41666667,0.80960572,0.80960572,0.39648306
7.43333333,0.80754494,0.80754494,0.39512253
7.45000000,0.80549200,0.80549200,0.39376708
7.46666667,0.80344687,0.80344687,0.39241666
7.48333333,0.80140954,0.80140954,0.39107128
7.50000000,0.79937995,0.79937995,0.38973090
7.51666667,0.79735809,0.79735809,0.38839551
7.53333333,0.79534393,0.79534393,0.38706509
7.55000000,0.79333743,0.79333743,0.38573962
7.56666667,0.79133856,0.79133856,0.38441909
7.58333333,0.78934730,0.78934730,0.38310347
7.60000000,0.78736362,0.78736362,0.38179276
7.61666667,0.78538749,0.78538749,0.38048692
7.63333333,0.78341887,0.78341887,0.37918594
7.65000000,0.78145774,0.78145774,0.37788981
7.66666667,0.77950407,0.77950407,0.37659851
7.68333333,0.77755783,0.77755783,0.37531202
7.70000000,0.77561900,0.77561900,0.37403032
7.71666667,0.77368753,0.77368753,0.37275339
7.73333333,0.77176341,0.77176341,0.37148122
7.75000000,0.76984661,0.76984661,0.37021379
7.76666667,0.76793710,0.76793710,0.36895108
7.78333333,0.76603484,0.76603484,0.36769307
7.80000000,0.76413981,0.76413981,0.36643976
7.81666667,0.76225199,0.76225199,0.36519111
7.83333333,0.76037135,0.76037135,0.36394712
7.85000000,0.75849785,0.75849785,0.36270776
7.86666667,0.75663147,0.75663147,0.36147303
7.88333333,0.75477218,0.75477218,0.36024289
7.90000000,0.75291995,0.75291995,0.35901735
7.91666667,0.75107477,0.75107477,0.35779637
7.93333333,0.74923659,0.74923659,0.35657995
7.95000000,0.74740539,0.74740539,0.35536806
7.96666667,0.74558115,0.74558115,0.35416069
7.98333333,0.74376384,0.74376384,0.35295782
8.00000000,0.74195343,0.74195343,0.35175945
8.01666667,0.74014989,0.74014989,0.35056554
8.03333333,0.73835320,0.73835320,0.34937609
8.05000000,0.73656333,0.73656333,0.34819107
8.06666667,0.73478026,0.73478026,0.34701048
8.08333333,0.73300395,0.73300395,0.34583430
8.10000000,0.73123438,0.73123438,0.34466251
8.11666667,0.72947153,0.72947153,0.34349509
8.13333333,0.72771537,0.72771537,0.34233203
8.15000000,0.72596587,0.72596587,0.34117331
8.16666667,0.72422301,0.72422301,0.34001892
8.18333333,0.72248676,0.72248676,0.33886885
8.20000000,0.72075710,0.72075710,0.33772307
8.21666667,0.71903399,0.71903399,0.33658157
8.23333333,0.71731742,0.71731742,0.33544434
8.25000000,0.71560736,0.71560736,0.33431135
8.26666667,0.71390378,0.71390378,0.33318261
8.28333333,0.71220666,0.71220666,0.33205808
8.30000000,0.71051597,0.71051597,0.33093776
8.31666667,0.70883169,0.70883169,0.32982162
8.33333333,0.70715379,0.70715379,0.32870967
8.35000000,0.70548225,0.70548225,0.32760187
8.36666667,0.70381704,0.70381704,0.32649822
8.38333333,0.70215814,0.70215814,0.32539869
8.40000000,0.70050553,0.70050553,0.32430329
8.41666667,0.69885917,0.69885917,0.32321198
8.43333333,0.69721905,0.69721905,0.32212476
8.45000000,0.69558513,0.69558513,0.32104162
8.46666667,0.69395741,0.69395741,0.31996253
8.48333333,0.69233584,0.69233584,0.31888748
8.50000000,0.69072042,0.69072042,0.31781646
8.51666667,0.68911110,0.68911110,0.31674945
8.53333333,0.68750788,0.68750788,0.31568645
8.55000000,0.68591072,0.68591072,0.31462743
8.56666667,0.68431960,0.68431960,0.31357238
8.58333333,0.68273450,0.68273450,0.31252129
8.60000000,0.68115540,0.68115540,0.31147415
8.61666667,0.67958227,0.67958227,0.31043093
8.63333333,0.67801508,0.67801508,0.30939163
8.65000000,0.67645382,0.67645382,0.30835623
8.66666667,0.67489846,0.67489846,0.30732473
8.68333333,0.67334898,0.67334898,0.30629709
8.70000000,0.67180535,0.67180535,0.30527332
8.71666667,0.67026756,0.67026756,0.30425339
8.73333333,0.66873557,0.66873557,0.30323730
8.75000000,0.66720938,0.66720938,0.30222503
8.76666667,0.66568894,0.66568894,0.30121656
8.78333333,0.66417425,0.66417425,0.30021190
8.80000000,0.66266527,0.66266527,0.29921101
8.81666667,0.66116199,0.66116199,0.29821388
8.83333333,0.65966439,0.65966439,0.29722052
8.85000000,0.65817243,0.65817243,0.29623089
8.86666667,0.65668611,0.65668611,0.29524499
8.88333333,0.65520539,0.65520539,0.29426281
8.90000000,0.65373026,0.65373026,0.29328433
8.91666667,0.65226069,0.65226069,0.29230954
8.93333333,0.65079666,0.65079666,0.29133843
8.95000000,0.64933815,0.64933815,0.29037098
8.96666667,0.64788513,0.64788513,0.28940718
8.98333333,0.64643760,0.64643760,0.28844702
9.00000000,0.64499551,0.64499551,0.28749049
9.01666667,0.64355886,0.64355886,0.28653757
9.03333333,0.64212762,0.64212762,0.28558825
9.05000000,0.64070178,0.64070178,0.28464253
9.06666667,0.63928130,0.63928130,0.28370037
9.08333333,0.63786616,0.63786616,0.28276179
9.10000000,0.63645636,0.63645636,0.28182675
9.11666667,0.63505186,0.63505186,0.28089525
9.13333333,0.63365264,0.63365264,0.27996729
9.15000000,0.63225869,0.63225869,0.27904283
9.16666667,0.63086998,0.63086998,0.27812189
9.18333333,0.62948649,0.62948649,0.27720443
9.20000000,0.62810820,0.62810820,0.27629045
9.21666667,0.62673510,0.62673510,0.27537994
9.23333333,0.62536715,0.62536715,0.27447289
9.25000000,0.62400435,0.62400435,0.27356929
9.26666667,0.62264666,0.62264666,0.27266911
9.28333333,0.62129408,0.62129408,0.27177236
9.30000000,0.61994657,0.61994657,0.27087901
9.31666667,0.61860413,0.61860413,0.26998907
9.33333333,0.61726672,0.61726672,0.26910251
9.35000000,0.61593433,0.61593433,0.26821933
9.36666667,0.61460694,0.61460694,0.26733951
9.38333333,0.61328453,0.61328453,0.26646304
9.40000000,0.61196708,0.61196708,0.26558992
9.41666667,0.61065457,0.61065457,0.26472012
9.43333333,0.60934698,0.60934698,0.26385365
9.45000000,0.60804429,0.60804429,0.26299048
9.46666667,0.60674648,0.60674648,0.26213061
9.48333333,0.60545354,0.60545354,0.26127403
9.50000000,0.60416544,0.60416544,0.26042072
9.51666667,0.60288216,0.60288216,0.25957068
9.53333333,0.60160368,0.60160368,0.25872388
9.55000000,0.60032999,0.60032999,0.25788033
9.56666667,0.59906107,0.59906107,0.25704002
9.58333333,0.59779690,0.59779690,0.25620292
9.60000000,0.59653745,0.59653745,0.25536904
9.61666667,0.59528271,0.59528271,0.25453835
9.63333333,0.59403267,0.59403267,0.25371086
9.65000000,0.59278730,0.59278730,0.25288654
9.66666667,0.59154658,0.59154658,0.25206539
9.68333333,0.59031049,0.59031049,0.25124740
9.70000000,0.58907902,0.58907902,0.25043256
9.71666667,0.58785215,0.58785215,0.24962085
9.73333333,0.58662987,0.58662987,0.24881227
9.75000000,0.58541214,0.58541214,0.24800681
9.76666667,0.58419895,0.58419895,0.24720446
9.78333333,0.58299030,0.58299030,0.24640520
9.80000000,0.58178614,0.58178614,0.24560903
9.81666667,0.58058648,0.58058648,0.24481593
9.83333333,0.57939129,0.57939129,0.24402590
9.85000000,0.57820056,0.57820056,0.24323893
9.86666667,0.57701426,0.57701426,0.24245501
9.88333333,0.57583238,0.57583238,0.24167412
9.90000000,0.57465489,0.57465489,0.24089626
9.91666667,0.57348180,0.57348180,0.24012142
9.93333333,0.57231306,0.57231306,0.23934958
9.95000000,0.57114868,0.57114868,0.23858074
9.96666667,0.56998862,0.56998862,0.23781489
9.98333333,0.56883288,0.56883288,0.23705202
10.00000000,0.56768144,0.56768144,0.23629212
10.01666667,0.56653427,0.56653427,0.23553518
10.03333333,0.56539137,0.56539137,0.23478119
10.05000000,0.56425271,0.56425271,0.23403015
10.06666667,0.56311827,0.56311827,0.23328203
10.08333333,0.56198805,0.56198805,0.23253683
10.10000000,0.56086203,0.56086203,0.23179455
10.11666667,0.55974018,0.55974018,0.23105518
10.13333333,0.55862249,0.55862249,0.23031869
10.15000000,0.55750894,0.55750894,0.22958510
10.16666667,0.55639952,0.55639952,0.22885438
10.18333333,0.55529421,0.55529421,0.22812653
10.20000000,0.55419300,0.55419300,0.22740153
10.21666667,0.55309586,0.55309586,0.22667939
10.23333333,0.55200278,0.55200278,0.22596008
10.25000000,0.55091375,0.55091375,0.22524361
10.26666667,0.54982875,0.54982875,0.22452996
10.28333333,0.54874776,0.54874776,0.22381913
10.30000000,0.54767076,0.54767076,0.22311110
10.31666667,0.54659775,0.54659775,0.22240587
10.33333333,0.54552870,0.54552870,0.22170342
10.35000000,0.54446360,0.54446360,0.22100376
10.36666667,0.54340243,0.54340243,0.22030686
10.38333333,0.54234518,0.54234518,0.21961273
10.40000000,0.54129183,0.54129183,0.21892135
10.41666667,0.54024236,0.54024236,0.21823272
10.43333333,0.53919676,0.53919676,0.21754682
10.45000000,0.53815502,0.53815502,0.21686365
10.46666667,0.53711712,0.53711712,0.21618320
10.48333333,0.53608303,0.53608303,0.21550546
10.50000000,0.53505276,0.53505276,0.21483043
10.51666667,0.53402628,0.53402628,0.21415809
10.53333333,0.53300357,0.53300357,0.21348843
10.55000000,0.53198463,0.53198463,0.21282146
10.56666667,0.53096943,0.53096943,0.21215715
10.58333333,0.52995796,0.52995796,0.21149551
10.60000000,0.52895021,0.52895021,0.21083652
10.61666667,0.52794616,0.52794616,0.21018018
10.63333333,0.52694580,0.52694580,0.20952647
10.65000000,0.52594911,0.52594911,0.20887539
10.66666667,0.52495608,0.52495608,0.20822694
10.68333333,0.52396668,0.52396668,0.20758110
10.70000000,0.52298092,0.52298092,0.20693787
10.71666667,0.52199876,0.52199876,0.20629723
10.73333333,0.52102021,0.52102021,0.20565918
10.75000000,0.52004524,0.52004524,0.20502372
10.76666667,0.51907383,0.51907383,0.20439083
10.78333333,0.51810598,0.51810598,0.20376051
10.80000000,0.51714167,0.51714167,0.20313275
10.81666667,0.51618089,0.51618089,0.20250754
10.83333333,0.51522362,0.51522362,0.20188487
10.85000000,0.51426984,0.51426984,0.20126474
10.86666667,0.51331955,0.51331955,0.20064713
10.88333333,0.51237273,0.51237273,0.20003205
10.90000000,0.51142936,0.51142936,0.19941948
10.91666667,0.51048943,0.51048943,0.19880942
10.93333333,0.50955293,0.50955293,0.19820186
10.95000000,0.50861984,0.50861984,0.19759678
10.96666667,0.50769015,0.50769015,0.19699419
10.98333333,0.50676384,0.50676384,0.19639408
11.00000000,0.50584091,0.50584091,0.19579644
11.01666667,0.50492133,0.50492133,0.19520125
11.03333333,0.50400510,0.50400510,0.19460852
11.05000000,0.50309220,0.50309220,0.19401824
11.06666667,0.50218262,0.50218262,0.19343040
11.08333333,0.50127634,0.50127634,0.19284499
11.10000000,0.50037335,0.50037335,0.19226200
11.11666667,0.49947363,0.49947363,0.19168143
11.13333333,0.49857718,0.49857718,0.19110328
11.15000000,0.49768398,0.49768398,0.19052752
11.16666667,0.49679402,0.49679402,0.18995416
11.18333333,0.49590728,0.49590728,0.18938319
11.20000000,0.49502375,0.49502375,0.18881461
11.21666667,0.49414342,0.49414342,0.18824840
11.23333333,0.49326627,0.49326627,0.18768455
11.25000000,0.49239230,0.49239230,0.18712307
11.26666667,0.49152148,0.49152148,0.18656394
11.28333333,0.49065381,0.49065381,0.18600716
11.30000000,0.48978927,0.48978927,0.18545272
11.31666667,0.48892785,0.48892785,0.18490061
11.33333333,0.48806954,0.48806954,0.18435082
11.35000000,0.48721433,0.48721433,0.18380336
11.36666667,0.48636220,0.48636220,0.18325821
11.38333333,0.48551313,0.48551313,0.18271536
11.40000000,0.48466712,0.48466712,0.18217481
11.41666667,0.48382416,0.48382416,0.18163656
11.43333333,0.48298423,0.48298423,0.18110059
11.45000000,0.48214732,0.48214732,0.18056689
11.46666667,0.48131342,0.48131342,0.18003547
11.48333333,0.48048251,0.48048251,0.17950631
11.50000000,0.47965459,0.47965459,0.17897941
11.51666667,0.47882964,0.47882964,0.17845477
11.53333333,0.47800764,0.47800764,0.17793236
11.55000000,0.47718859,0.47718859,0.17741219
11.56666667,0.47637248,0.47637248,0.17689426
11.58333333,0.47555929,0.47555929,0.17637855
11.60000000,0.47474901,0.47474901,0.17586505
11.61666667,0.47394162,0.47394162,0.17535377
11.63333333,0.47313713,0.47313713,0.17484469
11.65000000,0.47233551,0.47233551,0.17433781
11.66666667,0.47153675,0.47153675,0.17383312
11.68333333,0.47074085,0.47074085,0.17333062
11.70000000,0.46994778,0.46994778,0.17283029
11.71666667,0.46915754,0.46915754,0.17233213
11.73333333,0.46837012,0.46837012,0.17183614
11.75000000,0.46758551,0.46758551,0.17134231
11.76666667,0.46680368,0.46680368,0.17085062
11.78333333,0.46602464,0.46602464,0.17036109
11.80000000,0.46524837,0.46524837,0.16987369
11.81666667,0.46447486,0.46447486,0.16938842
11.83333333,0.46370410,0.46370410,0.16890528
11.85000000,0.46293608,0.46293608,0.16842426
11.86666667,0.46217078,0.46217078,0.16794535
11.88333333,0.46140819,0.46140819,0.16746855
11.90000000,0.46064831,0.46064831,0.16699384
11.91666667,0.45989112,0.45989112,0.16652123
11.93333333,0.45913662,0.45913662,0.16605071
11.95000000,0.45838478,0.45838478,0.16558226
11.96666667,0.45763560,0.45763560,0.16511589
11.98333333,0.45688907,0.45688907,0.16465159
12.00000000,0.45614518,0.45614518,0.16418935
12.01666667,0.45540391,0.45540391,0.16372916
12.03333333,0.45466526,0.45466526,0.16327102
12.05000000,0.45392921,0.45392921,0.16281493
12.06666667,0.45319576,0.45319576,0.16236086
12.08333333,0.45246490,0.45246490,0.16190883
12.10000000,0.45173660,0.45173660,0.16145882
12.11666667,0.45101087,0.45101087,0.16101082
12.13333333,0.45028769,0.45028769,0.16056484
12.15000000,0.44956705,0.44956705,0.16012085
12.16666667,0.44884895,0.44884895,0.15967887
12.18333333,0.44813336,0.44813336,0.15923887
12.20000000,0.44742029,0.44742029,0.15880086
12.21666667,0.44670971,0.44670971,0.15836483
12.23333333,0.44600163,0.44600163,0.15793077
12.25000000,0.44529602,0.44529602,0.15749867
12.26666667,0.44459288,0.44459288,0.15706853
12.28333333,0.44389221,0.44389221,0.15664034
12.30000000,0.44319398,0.44319398,0.15621410
12.31666667,0.44249819,0.44249819,0.15578980
12.33333333,0.44180483,0.44180483,0.15536743
12.35000000,0.44111389,0.44111389,0.15494699
12.36666667,0.44042535,0.44042535,0.15452847
12.38333333,0.43973922,0.43973922,0.15411186
12.40000000,0.43905548,0.43905548,0.15369716
12.41666667,0.43837411,0.43837411,0.15328437
12.43333333,0.43769512,0.43769512,0.15287346
12.45000000,0.43701848,0.43701848,0.15246445
12.46666667,0.43634419,0.43634419,0.15205731
12.48333333,0.43567225,0.43567225,0.15165206
12.50000000,0.43500264,0.43500264,0.15124867
12.51666667,0.43433534,0.43433534,0.15084714
12.53333333,0.43367036,0.43367036,0.15044748
12.55000000,0.43300768,0.43300768,0.15004966
12.56666667,0.43234730,0.43234730,0.14965369
12.58333333,0.43168919,0.43168919,0.14925955
12.60000000,0.43103336,0.43103336,0.14886724
12.61666667,0.43037980,0.43037980,0.14847676
12.63333333,0.42972849,0.42972849,0.14808810
12.65000000,0.42907943,0.42907943,0.14770125
12.66666667,0.42843260,0.42843260,0.14731621
12.68333333,0.42778800,0.42778800,0.14693297
12.70000000,0.42714562,0.42714562,0.14655151
12.71666667,0.42650545,0.42650545,0.14617185
12.73333333,0.42586747,0.42586747,0.14579396
12.75000000,0.42523169,0.42523169,0.14541785
12.76666667,0.42459809,0.42459809,0.14504351
12.78333333,0.42396667,0.42396667,0.14467093
12.80000000,0.42333740,0.42333740,0.14430010
12.81666667,0.42271029,0.42271029,0.14393102
12.83333333,0.42208533,0.42208533,0.14356368
12.85000000,0.42146251,0.42146251,0.14319808
12.86666667,0.42084181,0.42084181,0.14283420
12.88333333,0.42022324,0.42022324,0.14247205
12.90000000,0.41960677,0.41960677,0.14211162
12.91666667,0.41899241,0.41899241,0.14175289
12.93333333,0.41838014,0.41838014,0.14139587
12.95000000,0.41776995,0.41776995,0.14104055
12.96666667,0.41716184,0.41716184,0.14068691
12.98333333,0.41655580,0.41655580,0.14033496
13.00000000,0.41595182,0.41595182,0.13998469
13.01666667,0.41534989,0.41534989,0.13963609
13.03333333,0.41475000,0.41475000,0.13928915
13.05000000,0.41415215,0.41415215,0.13894387
13.06666667,0.41355632,0.41355632,0.13860025
13.08333333,0.41296251,0.41296251,0.13825827
13.10000000,0.41237071,0.41237071,0.13791793
13.11666667,0.41178090,0.41178090,0.13757922
13.13333333,0.41119310,0.41119310,0.13724213
13.15000000,0.41060727,0.41060727,0.13690667
13.16666667,0.41002342,0.41002342,0.13657282
13.18333333,0.40944154,0.40944154,0.13624058
13.20000000,0.40886162,0.40886162,0.13590994
13.21666667,0.40828365,0.40828365,0.13558089
13.23333333,0.40770762,0.40770762,0.13525343
13.25000000,0.40713353,0.40713353,0.13492755
13.26666667,0.40656136,0.40656136,0.13460325
13.28333333,0.40599112,0.40599112,0.13428051
13.30000000,0.40542279,0.40542279,0.13395934
13.31666667,0.40485636,0.40485636,0.13363972
13.33333333,0.40429183,0.40429183,0.13332165
13.35000000,0.40372918,0.40372918,0.13300513
13.36666667,0.40316842,0.40316842,0.13269014
13.38333333,0.40260953,0.40260953,0.13237667
13.40000000,0.40205250,0.40205250,0.13206474
13.41666667,0.40149733,0.40149733,0.13175432
13.43333333,0.40094401,0.40094401,0.13144541
13.45000000,0.40039254,0.40039254,0.13113800
13.46666667,0.39984289,0.39984289,0.13083209
13.48333333,0.39929508,0.39929508,0.13052767
13.50000000,0.39874908,0.39874908,0.13022474
13.51666667,0.39820490,0.39820490,0.12992328
13.53333333,0.39766252,0.39766252,0.12962330
13.55000000,0.39712193,0.39712193,0.12932478
13.56666667,0.39658314,0.39658314,0.12902772
13.58333333,0.39604613,0.39604613,0.12873212
13.60000000,0.39551089,0.39551089,0.12843796
13.61666667,0.39497742,0.39497742,0.12814524
13.63333333,0.39444571,0.39444571,0.12785395
13.65000000,0.39391576,0.39391576,0.12756409
13.66666667,0.39338755,0.39338755,0.12727565
13.68333333,0.39286108,0.39286108,0.12698863
13.70000000,0.39233634,0.39233634,0.12670301
13.71666667,0.39181332,0.39181332,0.12641880
13.73333333,0.39129202,0.39129202,0.12613598
13.75000000,0.39077244,0.39077244,0.12585454
13.76666667,0.39025455,0.39025455,0.12557449
13.78333333,0.38973836,0.38973836,0.12529582
13.80000000,0.38922386,0.38922386,0.12501852
13.81666667,0.38871105,0.38871105,0.12474258
13.83333333,0.38819991,0.38819991,0.12446799
13.85000000,0.38769043,0.38769043,0.12419476
13.86666667,0.38718262,0.38718262,0.12392287
13.88333333,0.38667646,0.38667646,0.12365232
13.90000000,0.38617196,0.38617196,0.12338310
13.91666667,0.38566909,0.38566909,0.12311521
13.93333333,0.38516786,0.38516786,0.12284864
13.95000000,0.38466825,0.38466825,0.12258338
13.96666667,0.38417027,0.38417027,0.12231942
13.98333333,0.38367390,0.38367390,0.12205677
14.00000000,0.38317914,0.38317914,0.12179541
14.01666667,0.38268597,0.38268597,0.12153534
14.03333333,0.38219441,0.38219441,0.12127655
14.05000000,0.38170443,0.38170443,0.12101903
14.06666667,0.38121604,0.38121604,0.12076279
14.08333333,0.38072921,0.38072921,0.12050781
14.10000000,0.38024396,0.38024396,0.12025408
14.11666667,0.37976027,0.37976027,0.12000161
14.13333333,0.37927814,0.37927814,0.11975038
14.15000000,0.37879755,0.37879755,0.11950039
14.16666667,0.37831851,0.37831851,0.11925163
14.18333333,0.37784101,0.37784101,0.11900409
14.20000000,0.37736503,0.37736503,0.11875778
14.21666667,0.37689058,0.37689058,0.11851268
14.23333333,0.37641765,0.37641765,0.11826879
14.25000000,0.37594623,0.37594623,0.11802610
14.26666667,0.37547632,0.37547632,0.11778461
14.28333333,0.37500790,0.37500790,0.11754431
14.30000000,0.37454098,0.37454098,0.11730519
14.31666667,0.37407554,0.37407554,0.11706725
14.33333333,0.37361159,0.37361159,0.11683048
14.35000000,0.37314911,0.37314911,0.11659487
14.36666667,0.37268810,0.37268810,0.11636043
14.38333333,0.37222856,0.37222856,0.11612714
14.40000000,0.37177047,0.37177047,0.11589499
14.41666667,0.37131383,0.37131383,0.11566399
14.43333333,0.37085864,0.37085864,0.11543413
14.45000000,0.37040488,0.37040488,0.11520539
14.46666667,0.36995256,0.36995256,0.11497778
14.48333333,0.36950167,0.36950167,0.11475129
14.50000000,0.36905220,0.36905220,0.11452591
14.51666667,0.36860414,0.36860414,0.11430164
14.53333333,0.36815750,0.36815750,0.11407847
14.55000000,0.36771226,0.36771226,0.11385639
14.56666667,0.36726842,0.36726842,0.11363541
14.58333333,0.36682597,0.36682597,0.11341550
14.60000000,0.36638491,0.36638491,0.11319668
14.61666667,0.36594523,0.36594523,0.11297893
14.63333333,0.36550693,0.36550693,0.11276224
14.65000000,0.36506999,0.36506999,0.11254662
14.66666667,0.36463442,0.36463442,0.11233205
14.68333333,0.36420022,0.36420022,0.11211853
14.70000000,0.36376736,0.36376736,0.11190605
14.71666667,0.36333585,0.36333585,0.11169462
14.73333333,0.36290569,0.36290569,0.11148421
14.75000000,0.36247686,0.36247686,0.11127484
14.76666667,0.36204937,0.36204937,0.11106648
14.78333333,0.36162320,0.36162320,0.11085914
14.80000000,0.36119836,0.36119836,0.11065281
14.81666667,0.36077483,0.36077483,0.11044749
14.83333333,0.36035261,0.36035261,0.11024317
14.85000000,0.35993169,0.35993169,0.11003984
14.86666667,0.35951207,0.35951207,0.10983750
14.88333333,0.35909375,0.35909375,0.10963615
14.90000000,0.35867672,0.35867672,0.10943577
14.91666667,0.35826098,0.35826098,0.10923637
14.93333333,0.35784651,0.35784651,0.10903793
14.95000000,0.35743331,0.35743331,0.10884046
14.96666667,0.35702139,0.35702139,0.10864394
14.98333333,0.35661073,0.35661073,0.10844838
15.00000000,0.35620132,0.35620132,0.10825376
15.01666667,0.35579317,0.35579317,0.10806008
15.03333333,0.35538627,0.35538627,0.10786734
15.05000000,0.35498061,0.35498061,0.10767553
15.06666667,0.35457619,0.35457619,0.10748464
15.08333333,0.35417300,0.35417300,0.10729468
15.10000000,0.35377104,0.35377104,0.10710563
15.11666667,0.35337031,0.35337031,0.10691749
15.13333333,0.35297079,0.35297079,0.10673026
15.15000000,0.35257248,0.35257248,0.10654393
15.16666667,0.35217539,0.35217539,0.10635849
15.18333333,0.35177950,0.35177950,0.10617395
15.20000000,0.35138480,0.35138480,0.10599029
15.21666667,0.35099130,0.35099130,0.10580751
15.23333333,0.35059899,0.35059899,0.10562560
15.25000000,0.35020787,0.35020787,0.10544457
15.26666667,0.34981792,0.34981792,0.10526440
15.28333333,0.34942915,0.34942915,0.10508510
15.30000000,0.34904155,0.34904155,0.10490665
15.31666667,0.34865511,0.34865511,0.10472905
15.33333333,0.34826984,0.34826984,0.10455229
15.35000000,0.34788572,0.34788572,0.10437638
15.36666667,0.34750275,0.34750275,0.10420131
15.38333333,0.34712093,0.34712093,0.10402707
15.40000000,0.34674026,0.34674026,0.10385365
15.41666667,0.34636072,0.34636072,0.10368106
15.43333333,0.34598231,0.34598231,0.10350929
15.45000000,0.34560503,0.34560503,0.10333833
15.46666667,0.34522888,0.34522888,0.10316818
15.48333333,0.34485384,0.34485384,0.10299883
15.50000000,0.34447992,0.34447992,0.10283029
15.51666667,0.34410712,0.34410712,0.10266254
15.53333333,0.34373541,0.34373541,0.10249558
15.55000000,0.34336481,0.34336481,0.10232940
15.56666667,0.34299531,0.34299531,0.10216401
15.58333333,0.34262690,0.34262690,0.10199940
15.60000000,0.34225958,0.34225958,0.10183556
15.61666667,0.34189334,0.34189334,0.10167249
15.63333333,0.34152819,0.34152819,0.10151018
15.65000000,0.34116411,0.34116411,0.10134863
15.66666667,0.34080110,0.34080110,0.10118784
15.68333333,0.34043916,0.34043916,0.10102780
15.70000000,0.34007828,0.34007828,0.10086851
15.71666667,0.33971846,0.33971846,0.10070996
15.73333333,0.33935969,0.33935969,0.10055215
15.75000000,0.33900198,0.33900198,0.10039507
15.76666667,0.33864531,0.33864531,0.10023872
15.78333333,0.33828969,0.33828969,0.10008310
15.80000000,0.33793510,0.33793510,0.09992820
15.81666667,0.33758154,0.33758154,0.09977402
15.83333333,0.33722902,0.33722902,0.09962056
15.85000000,0.33687752,0.33687752,0.09946780
15.86666667,0.33652704,0.33652704,0.09931575
15.88333333,0.33617758,0.33617758,0.09916440
15.90000000,0.33582914,0.33582914,0.09901375
15.91666667,0.33548170,0.33548170,0.09886379
15.93333333,0.33513527,0.33513527,0.09871452
15.95000000,0.33478984,0.33478984,0.09856594
15.96666667,0.33444541,0.33444541,0.09841804
15.98333333,0.33410197,0.33410197,0.09827081
16.00000000,0.33375952,0.33375952,0.09812427
16.01666667,0.33341806,0.33341806,0.09797839
16.03333333,0.33307758,0.33307758,0.09783318
16.05000000,0.33273808,0.33273808,0.09768863
16.06666667,0.33239955,0.33239955,0.09754474
16.08333333,0.33206200,0.33206200,0.09740150
16.10000000,0.33172541,0.33172541,0.09725892
16.11666667,0.33138978,0.33138978,0.09711698
16.13333333,0.33105511,0.33105511,0.09697569
16.15000000,0.33072140,0.33072140,0.09683504
16.16666667,0.33038864,0.33038864,0.09669503
16.18333333,0.33005682,0.33005682,0.09655565
16.20000000,0.32972595,0.32972595,0.09641690
16.21666667,0.32939603,0.32939603,0.09627877
16.23333333,0.32906704,0.32906704,0.09614127
16.25000000,0.32873898,0.32873898,0.09600438
16.26666667,0.32841185,0.32841185,0.09586811
16.28333333,0.32808565,0.32808565,0.09573246
16.30000000,0.32776037,0.32776037,0.09559741
16.31666667,0.32743600,0.32743600,0.09546297
16.33333333,0.32711256,0.32711256,0.09532912
16.35000000,0.32679002,0.32679002,0.09519588
16.36666667,0.32646839,0.32646839,0.09506323
16.38333333,0.32614767,0.32614767,0.09493117
16.40000000,0.32582785,0.32582785,0.09479970
16.41666667,0.32550893,0.32550893,0.09466882
16.43333333,0.32519090,0.32519090,0.09453851
16.45000000,0.32487376,0.32487376,0.09440879
16.46666667,0.32455750,0.32455750,0.09427964
16.48333333,0.32424214,0.32424214,0.09415106
16.50000000,0.32392765,0.32392765,0.09402305
16.51666667,0.32361403,0.32361403,0.09389560
16.53333333,0.32330130,0.32330130,0.09376872
16.55000000,0.32298943,0.32298943,0.09364239
16.56666667,0.32267843,0.32267843,0.09351663
16.58333333,0.32236829,0.32236829,0.09339141
16.60000000,0.32205901,0.32205901,0.09326674
16.61666667,0.32175059,0.32175059,0.09314262
16.63333333,0.32144302,0.32144302,0.09301904
16.65000000,0.32113630,0.32113630,0.09289601
16.66666667,0.32083043,0.32083043,0.09277350
16.68333333,0.32052540,0.32052540,0.09265154
16.70000000,0.32022121,0.32022121,0.09253010
16.71666667,0.31991786,0.31991786,0.09240920
16.73333333,0.31961535,0.31961535,0.09228882
16.75000000,0.31931366,0.31931366,0.09216896
16.76666667,0.31901280,0.31901280,0.09204962
16.78333333,0.31871277,0.31871277,0.09193079
16.80000000,0.31841355,0.31841355,0.09181248
16.81666667,0.31811516,0.31811516,0.09169468
16.83333333,0.31781758,0.31781758,0.09157739
16.85000000,0.31752081,0.31752081,0.09146061
16.86666667,0.31722485,0.31722485,0.09134432
16.88333333,0.31692970,0.31692970,0.09122854
16.90000000,0.31663535,0.31663535,0.09111325
16.91666667,0.31634179,0.31634179,0.09099846
16.93333333,0.31604904,0.31604904,0.09088415
16.95000000,0.31575707,0.31575707,0.09077034
16.96666667,0.31546590,0.31546590,0.09065701
16.98333333,0.31517552,0.31517552,0.09054416
17.00000000,0.31488592,0.31488592,0.09043180
17.01666667,0.31459710,0.31459710,0.09031991
17.03333333,0.31430906,0.31430906,0.09020850
17.05000000,0.31402179,0.31402179,0.09009756
17.06666667,0.31373530,0.31373530,0.08998709
17.08333333,0.31344958,0.31344958,0.08987709
17.10000000,0.31316462,0.31316462,0.08976755
17.11666667,0.31288043,0.31288043,0.08965847
17.13333333,0.31259700,0.31259700,0.08954985
17.15000000,0.31231432,0.31231432,0.08944169
17.16666667,0.31203240,0.31203240,0.08933399
17.18333333,0.31175124,0.31175124,0.08922674
17.20000000,0.31147082,0.31147082,0.08911993
17.21666667,0.31119115,0.31119115,0.08901358
17.23333333,0.31091222,0.31091222,0.08890766
17.25000000,0.31063404,0.31063404,0.08880219
17.26666667,0.31035659,0.31035659,0.08869717
17.28333333,0.31007988,0.31007988,0.08859257
17.30000000,0.30980390,0.30980390,0.08848842
17.31666667,0.30952865,0.30952865,0.08838469
17.33333333,0.30925413,0.30925413,0.08828140
17.35000000,0.30898033,0.30898033,0.08817853
17.36666667,0.30870726,0.30870726,0.08807609
17.38333333,0.30843490,0.30843490,0.08797407
17.40000000,0.30816326,0.30816326,0.08787248
17.41666667,0.30789233,0.30789233,0.08777130
17.43333333,0.30762212,0.30762212,0.08767054
17.45000000,0.30735261,0.30735261,0.08757019
17.46666667,0.30708381,0.30708381,0.08747025
17.48333333,0.30681571,0.30681571,0.08737073
17.50000000,0.30654832,0.30654832,0.08727161
17.51666667,0.30628162,0.30628162,0.08717290
17.53333333,0.30601561,0.30601561,0.08707459
17.55000000,0.30575030,0.30575030,0.08697668
17.56666667,0.30548568,0.30548568,0.08687917
17.58333333,0.30522175,0.30522175,0.08678206
17.60000000,0.30495850,0.30495850,0.08668534
17.61666667,0.30469593,0.30469593,0.08658902
17.63333333,0.30443404,0.30443404,0.08649308
17.65000000,0.30417284,0.30417284,0.08639754
17.66666667,0.30391230,0.30391230,0.08630238
17.68333333,0.30365244,0.30365244,0.08620760
17.70000000,0.30339325,0.30339325,0.08611321
17.71666667,0.30313473,0.30313473,0.08601919
17.73333333,0.30287687,0.30287687,0.08592556
17.75000000,0.30261967,0.30261967,0.08583230
17.76666667,0.30236314,0.30236314,0.08573941
17.78333333,0.30210726,0.30210726,0.08564690
17.80000000,0.30185204,0.30185204,0.08555475
17.81666667,0.30159747,0.30159747,0.08546298
17.83333333,0.30134355,0.30134355,0.08537157
17.85000000,0.30109028,0.30109028,0.08528052
17.86666667,0.30083765,0.30083765,0.08518984
17.88333333,0.30058567,0.30058567,0.08509952
17.90000000,0.30033433,0.30033433,0.08500956
17.91666667,0.30008363,0.30008363,0.08491995
17.93333333,0.29983356,0.29983356,0.08483070
17.95000000,0.29958413,0.29958413,0.08474180
17.96666667,0.29933533,0.29933533,0.08465325
17.98333333,0.29908716,0.29908716,0.08456505
18.00000000,0.29883962,0.29883962,0.08447720
18.01666667,0.29859270,0.29859270,0.08438969
18.03333333,0.29834640,0.29834640,0.08430253
18.05000000,0.29810073,0.29810073,0.08421571
18.06666667,0.29785567,0.29785567,0.08412923
18.08333333,0.29761123,0.29761123,0.08404309
18.10000000,0.29736740,0.29736740,0.08395729
18.11666667,0.29712418,0.29712418,0.08387182
18.13333333,0.29688158,0.29688158,0.08378668
18.15000000,0.29663958,0.29663958,0.08370188
18.16666667,0.29639818,0.29639818,0.08361740
18.18333333,0.29615739,0.29615739,0.08353325
18.20000000,0.29591720,0.29591720,0.08344943
18.21666667,0.29567760,0.29567760,0.08336594
18.23333333,0.29543860,0.29543860,0.08328276
18.25000000,0.29520020,0.29520020,0.08319991
18.26666667,0.29496239,0.29496239,0.08311738
18.28333333,0.29472517,0.29472517,0.08303517
18.30000000,0.29448853,0.29448853,0.08295327
18.31666667,0.29425248,0.29425248,0.08287169
18.33333333,0.29401702,0.29401702,0.08279042
18.35000000,0.29378213,0.29378213,0.08270946
18.36666667,0.29354783,0.29354783,0.08262881
18.38333333,0.29331410,0.29331410,0.08254848
18.40000000,0.29308095,0.29308095,0.08246844
18.41666667,0.29284837,0.29284837,0.08238872
18.43333333,0.29261636,0.29261636,0.08230929
18.45000000,0.29238492,0.29238492,0.08223017
18.46666667,0.29215404,0.29215404,0.08215135
18.48333333,0.29192374,0.29192374,0.08207283
18.50000000,0.29169399,0.29169399,0.08199461
18.51666667,0.29146481,0.29146481,0.08191668
18.53333333,0.29123618,0.29123618,0.08183905
18.55000000,0.29100811,0.29100811,0.08176171
18.56666667,0.29078060,0.29078060,0.08168466
18.58333333,0.29055364,0.29055364,0.08160791
18.60000000,0.29032723,0.29032723,0.08153144
18.61666667,0.29010137,0.29010137,0.08145526
18.63333333,0.28987605,0.28987605,0.08137936
18.65000000,0.28965129,0.28965129,0.08130375
18.66666667,0.28942706,0.28942706,0.08122842
18.68333333,0.28920338,0.28920338,0.08115338
18.70000000,0.28898024,0.28898024,0.08107861
18.71666667,0.28875763,0.28875763,0.08100412
18.73333333,0.28853556,0.28853556,0.08092992
18.75000000,0.28831402,0.28831402,0.08085598
18.76666667,0.28809302,0.28809302,0.08078232
18.78333333,0.28787254,0.28787254,0.08070894
18.80000000,0.28765260,0.28765260,0.08063582
18.81666667,0.28743318,0.28743318,0.08056298
18.83333333,0.28721428,0.28721428,0.08049041
18.85000000,0.28699591,0.28699591,0.08041810
18.86666667,0.28677806,0.28677806,0.08034606
18.88333333,0.28656072,0.28656072,0.08027429
18.90000000,0.28634391,0.28634391,0.08020278
18.91666667,0.28612761,0.28612761,0.08013153
18.93333333,0.28591182,0.28591182,0.08006055
18.95000000,0.28569655,0.28569655,0.07998982
18.96666667,0.28548178,0.28548178,0.07991935
18.98333333,0.28526752,0.28526752,0.07984914
19.00000000,0.28505377,0.28505377,0.07977919
19.01666667,0.28484053,0.28484053,0.07970949
19.03333333,0.28462779,0.28462779,0.07964005
19.05000000,0.28441555,0.28441555,0.07957086
19.06666667,0.28420381,0.28420381,0.07950192
19.08333333,0.28399256,0.28399256,0.07943323
19.10000000,0.28378182,0.28378182,0.07936479
19.11666667,0.28357156,0.28357156,0.07929660
19.13333333,0.28336180,0.28336180,0.07922865
19.15000000,0.28315253,0.28315253,0.07916095
19.16666667,0.28294375,0.28294375,0.07909349
19.18333333,0.28273546,0.28273546,0.07902628
19.20000000,0.28252766,0.28252766,0.07895931
19.21666667,0.28232033,0.28232033,0.07889257
19.23333333,0.28211350,0.28211350,0.07882608
19.25000000,0.28190714,0.28190714,0.07875983
19.26666667,0.28170126,0.28170126,0.07869381
19.28333333,0.28149586,0.28149586,0.07862803
19.30000000,0.28129093,0.28129093,0.07856249
19.31666667,0.28108648,0.28108648,0.07849717
19.33333333,0.28088250,0.28088250,0.07843210
19.35000000,0.28067900,0.28067900,0.07836725
19.36666667,0.28047596,0.28047596,0.07830263
19.38333333,0.28027339,0.28027339,0.07823824
19.40000000,0.28007129,0.28007129,0.07817408
19.41666667,0.27986965,0.27986965,0.07811015
19.43333333,0.27966848,0.27966848,0.07804645
19.45000000,0.27946776,0.27946776,0.07798297
19.46666667,0.27926751,0.27926751,0.07791971
19.48333333,0.27906772,0.27906772,0.07785667
19.50000000,0.27886838,0.27886838,0.07779386
19.51666667,0.27866950,0.27866950,0.07773127
19.53333333,0.27847107,0.27847107,0.07766890
19.55000000,0.27827310,0.27827310,0.07760675
19.56666667,0.27807557,0.27807557,0.07754481
19.58333333,0.27787850,0.27787850,0.07748309
19.60000000,0.27768187,0.27768187,0.07742159
19.61666667,0.27748569,0.27748569,0.07736030
19.63333333,0.27728995,0.27728995,0.07729923
19.65000000,0.27709466,0.27709466,0.07723837
19.66666667,0.27689981,0.27689981,0.07717771
19.68333333,0.27670540,0.27670540,0.07711728
19.70000000,0.27651143,0.27651143,0.07705705
19.71666667,0.27631789,0.27631789,0.07699702
19.73333333,0.27612480,0.27612480,0.07693721
19.75000000,0.27593213,0.27593213,0.07687760
19.76666667,0.27573990,0.27573990,0.07681820
19.78333333,0.27554810,0.27554810,0.07675901
19.80000000,0.27535674,0.27535674,0.07670002
19.81666667,0.27516580,0.27516580,0.07664123
19.83333333,0.27497528,0.27497528,0.07658264
19.85000000,0.27478520,0.27478520,0.07652426
19.86666667,0.27459553,0.27459553,0.07646607
19.88333333,0.27440630,0.27440630,0.07640808
19.90000000,0.27421748,0.27421748,0.07635030
19.91666667,0.27402908,0.27402908,0.07629271
19.93333333,0.27384110,0.27384110,0.07623531
19.95000000,0.27365354,0.27365354,0.07617811
19.96666667,0.27346640,0.27346640,0.07612111
19.98333333,0.27327967,0.27327967,0.07606430
20.00000000,0.27309335,0.27309335,0.07600768
20.01666667,0.27290745,0.27290745,0.07595126
20.03333333,0.27272196,0.27272196,0.07589503
20.05000000,0.27253687,0.27253687,0.07583898
20.06666667,0.27235219,0.27235219,0.07578313
20.08333333,0.27216793,0.27216793,0.07572746
20.10000000,0.27198406,0.27198406,0.07567199
20.11666667,0.27180060,0.27180060,0.07561670
20.13333333,0.27161754,0.27161754,0.07556159
20.15000000,0.27143489,0.27143489,0.07550667
20.16666667,0.27125263,0.27125263,0.07545194
20.18333333,0.27107077,0.27107077,0.07539739
20.20000000,0.27088931,0.27088931,0.07534302
20.21666667,0.27070825,0.27070825,0.07528883
20.23333333,0.27052758,0.27052758,0.07523483
20.25000000,0.27034731,0.27034731,0.07518100
20.26666667,0.27016742,0.27016742,0.07512736
20.28333333,0.26998793,0.26998793,0.07507389
20.30000000,0.26980883,0.26980883,0.07502060
20.31666667,0.26963011,0.26963011,0.07496749
20.33333333,0.26945179,0.26945179,0.07491455
20.35000000,0.26927385,0.26927385,0.07486179
20.36666667,0.26909629,0.26909629,0.07480921
20.38333333,0.26891912,0.26891912,0.07475680
20.40000000,0.26874233,0.26874233,0.07470456
20.41666667,0.26856592,0.26856592,0.07465249
20.43333333,0.26838989,0.26838989,0.07460060
20.45000000,0.26821424,0.26821424,0.07454887
20.46666667,0.26803896,0.26803896,0.07449732
20.48333333,0.26786407,0.26786407,0.07444594
20.50000000,0.26768954,0.26768954,0.07439472
20.51666667,0.26751539,0.26751539,0.07434367
20.53333333,0.26734162,0.26734162,0.07429279
20.55000000,0.26716821,0.26716821,0.07424208
20.56666667,0.26699518,0.26699518,0.07419153
20.58333333,0.26682251,0.26682251,0.07414115
20.60000000,0.26665021,0.26665021,0.07409093
20.61666667,0.26647828,0.26647828,0.07404087
20.63333333,0.26630672,0.26630672,0.07399098
20.65000000,0.26613551,0.26613551,0.07394125
20.66666667,0.26596468,0.26596468,0.07389168
20.68333333,0.26579420,0.26579420,0.07384227
20.70000000,0.26562408,0.26562408,0.07379302
20.71666667,0.26545433,0.26545433,0.07374393
20.73333333,0.26528493,0.26528493,0.07369500
20.75000000,0.26511589,0.26511589,0.07364623
20.76666667,0.26494720,0.26494720,0.07359761
20.78333333,0.26477887,0.26477887,0.07354915
20.80000000,0.26461090,0.26461090,0.07350085
20.81666667,0.26444328,0.26444328,0.07345270
20.83333333,0.26427601,0.26427601,0.07340471
20.85000000,0.26410909,0.26410909,0.07335687
20.86666667,0.26394252,0.26394252,0.07330918
20.88333333,0.26377629,0.26377629,0.07326164
20.90000000,0.26361042,0.26361042,0.07321426
20.91666667,0.26344489,0.26344489,0.07316703
20.93333333,0.26327971,0.26327971,0.07311995
20.95000000,0.26311487,0.26311487,0.07307302
20.96666667,0.26295037,0.26295037,0.07302624
20.98333333,0.26278622,0.26278622,0.07297960
21.00000000,0.26262241,0.26262241,0.07293312
21.01666667,0.26245893,0.26245893,0.07288678
21.03333333,0.26229580,0.26229580,0.07284059
21.05000000,0.26213300,0.26213300,0.07279454
21.06666667,0.26197054,0.26197054,0.07274864
21.08333333,0.26180842,0.26180842,0.07270289
21.10000000,0.26164663,0.26164663,0.07265728
21.11666667,0.26148517,0.26148517,0.07261181
21.13333333,0.26132405,0.26132405,0.07256649
21.15000000,0.26116325,0.26116325,0.07252131
21.16666667,0.26100279,0.26100279,0.07247627
21.18333333,0.26084266,0.26084266,0.07243137
21.20000000,0.26068285,0.26068285,0.07238661
21.21666667,0.26052338,0.26052338,0.07234199
21.23333333,0.26036422,0.26036422,0.07229752
21.25000000,0.26020540,0.26020540,0.07225318
21.26666667,0.26004690,0.26004690,0.07220897
21.28333333,0.25988872,0.25988872,0.07216491
21.30000000,0.25973086,0.25973086,0.07212098
21.31666667,0.25957333,0.25957333,0.07207720
21.33333333,0.25941612,0.25941612,0.07203354
21.35000000,0.25925922,0.25925922,0.07199002
21.36666667,0.25910265,0.25910265,0.07194664
21.38333333,0.25894639,0.25894639,0.07190339
21.40000000,0.25879045,0.25879045,0.07186027
21.41666667,0.25863482,0.25863482,0.07181729
21.43333333,0.25847951,0.25847951,0.07177444
21.45000000,0.25832451,0.25832451,0.07173172
21.46666667,0.25816982,0.25816982,0.07168914
21.48333333,0.25801545,0.25801545,0.07164668
21.50000000,0.25786138,0.25786138,0.07160436
21.51666667,0.25770763,0.25770763,0.07156216
21.53333333,0.25755418,0.25755418,0.07152010
21.55000000,0.25740105,0.25740105,0.07147816
21.56666667,0.25724822,0.25724822,0.07143635
21.58333333,0.25709569,0.25709569,0.07139467
21.60000000,0.25694347,0.25694347,0.07135312
21.61666667,0.25679156,0.25679156,0.07131169
21.63333333,0.25663995,0.25663995,0.07127039
21.65000000,0.25648864,0.25648864,0.07122921
21.66666667,0.25633763,0.25633763,0.07118816
21.68333333,0.25618692,0.25618692,0.07114724
21.70000000,0.25603651,0.25603651,0.07110644
21.71666667,0.25588640,0.25588640,0.07106576
21.73333333,0.25573659,0.25573659,0.07102521
21.75000000,0.25558708,0.25558708,0.07098477
21.76666667,0.25543786,0.25543786,0.07094446
21.78333333,0.25528893,0.25528893,0.07090428
21.80000000,0.25514030,0.25514030,0.07086421
21.81666667,0.25499197,0.25499197,0.07082426
21.83333333,0.25484392,0.25484392,0.07078444
21.85000000,0.25469617,0.25469617,0.07074473
21.86666667,0.25454871,0.25454871,0.07070514
21.88333333,0.25440154,0.25440154,0.07066567
21.90000000,0.25425466,0.25425466,0.07062632
21.91666667,0.25410806,0.25410806,0.07058709
21.93333333,0.25396176,0.25396176,0.07054798
21.95000000,0.25381573,0.25381573,0.07050898
21.96666667,0.25367000,0.25367000,0.07047010
21.98333333,0.25352455,0.25352455,0.07043133
22.00000000,0.25337938,0.25337938,0.07039268
22.01666667,0.25323450,0.25323450,0.07035414
22.03333333,0.25308990,0.25308990,0.07031572
22.05000000,0.25294558,0.25294558,0.07027741
22.06666667,0.25280154,0.25280154,0.07023922
22.08333333,0.25265778,0.25265778,0.07020114
22.10000000,0.25251430,0.25251430,0.07016317
22.11666667,0.25237109,0.25237109,0.07012531
22.13333333,0.25222817,0.25222817,0.07008757
22.15000000,0.25208552,0.25208552,0.07004994
22.16666667,0.25194314,0.25194314,0.07001241
22.18333333,0.25180105,0.25180105,0.06997500
22.20000000,0.25165922,0.25165922,0.06993770
22.21666667,0.25151767,0.25151767,0.06990051
22.23333333,0.25137639,0.25137639,0.06986342
22.25000000,0.25123538,0.25123538,0.06982645
22.26666667,0.25109464,0.25109464,0.06978958
22.28333333,0.25095418,0.25095418,0.06975283
22.30000000,0.25081398,0.25081398,0.06971617
22.31666667,0.25067405,0.25067405,0.06967963
22.33333333,0.25053439,0.25053439,0.06964319
22.35000000,0.25039499,0.25039499,0.06960686
22.36666667,0.25025586,0.25025586,0.06957064
22.38333333,0.25011700,0.25011700,0.06953452
22.40000000,0.24997840,0.24997840,0.06949850
22.41666667,0.24984007,0.24984007,0.06946259
22.43333333,0.24970199,0.24970199,0.06942678
22.45000000,0.24956418,0.24956418,0.06939108
22.46666667,0.24942664,0.24942664,0.06935548
22.48333333,0.24928935,0.24928935,0.06931998
22.50000000,0.24915232,0.24915232,0.06928459
22.51666667,0.24901555,0.24901555,0.06924930
22.53333333,0.24887904,0.24887904,0.06921411
22.55000000,0.24874279,0.24874279,0.06917902
22.56666667,0.24860679,0.24860679,0.06914403
22.58333333,0.24847105,0.24847105,0.06910914
22.60000000,0.24833557,0.24833557,0.06907435
22.61666667,0.24820034,0.24820034,0.06903966
22.63333333,0.24806536,0.24806536,0.06900508
22.65000000,0.24793064,0.24793064,0.06897059
22.66666667,0.24779617,0.24779617,0.06893619
22.68333333,0.24766196,0.24766196,0.06890190
22.70000000,0.24752799,0.24752799,0.06886771
22.71666667,0.24739427,0.24739427,0.06883361
22.73333333,0.24726081,0.24726081,0.06879961
22.75000000,0.24712759,0.24712759,0.06876570
22.76666667,0.24699462,0.24699462,0.06873190
22.78333333,0.24686190,0.24686190,0.06869818
22.80000000,0.24672943,0.24672943,0.06866457
22.81666667,0.24659720,0.24659720,0.06863105
22.83333333,0.24646522,0.24646522,0.06859762
22.85000000,0.24633348,0.24633348,0.06856429
22.86666667,0.24620198,0.24620198,0.06853105
22.88333333,0.24607073,0.24607073,0.06849791
22.90000000,0.24593973,0.24593973,0.06846486
22.91666667,0.24580896,0.24580896,0.06843190
22.93333333,0.24567843,0.24567843,0.06839903
22.95000000,0.24554815,0.24554815,0.06836626
22.96666667,0.24541811,0.24541811,0.06833358
22.98333333,0.24528830,0.24528830,0.06830099
23.00000000,0.24515874,0.24515874,0.06826850
23.01666667,0.24502941,0.24502941,0.06823609
23.03333333,0.24490032,0.24490032,0.06820377
23.05000000,0.24477146,0.24477146,0.06817155
23.06666667,0.24464285,0.24464285,0.06813941
23.08333333,0.24451446,0.24451446,0.06810737
23.10000000,0.24438631,0.24438631,0.06807541
23.11666667,0.24425840,0.24425840,0.06804354
23.13333333,0.24413072,0.24413072,0.06801177
23.15000000,0.24400327,0.24400327,0.06798007
23.16666667,0.24387605,0.24387605,0.06794847
23.18333333,0.24374907,0.24374907,0.06791696
23.20000000,0.24362231,0.24362231,0.06788553
23.21666667,0.24349579,0.24349579,0.06785419
23.23333333,0.24336949,0.24336949,0.06782293
23.25000000,0.24324343,0.24324343,0.06779177
23.26666667,0.24311759,0.24311759,0.06776068
23.28333333,0.24299198,0.24299198,0.06772969
23.30000000,0.24286660,0.24286660,0.06769878
23.31666667,0.24274144,0.24274144,0.06766795
23.33333333,0.24261651,0.24261651,0.06763721
23.35000000,0.24249180,0.24249180,0.06760655
23.36666667,0.24236732,0.24236732,0.06757598
23.38333333,0.24224306,0.24224306,0.06754549
23.40000000,0.24211903,0.24211903,0.06751508
23.41666667,0.24199521,0.24199521,0.06748476
23.43333333,0.24187162,0.24187162,0.06745452
23.45000000,0.24174825,0.24174825,0.06742437
23.46666667,0.24162510,0.24162510,0.06739429
23.48333333,0.24150217,0.24150217,0.06736430
23.50000000,0.24137947,0.24137947,0.06733439
23.51666667,0.24125698,0.24125698,0.06730456
23.53333333,0.24113470,0.24113470,0.06727481
23.55000000,0.24101265,0.24101265,0.06724514
23.56666667,0.24089081,0.24089081,0.06721555
23.58333333,0.24076919,0.24076919,0.06718605
23.60000000,0.24064779,0.24064779,0.06715662
23.61666667,0.24052660,0.24052660,0.06712727
23.63333333,0.24040562,0.24040562,0.06709800
23.65000000,0.24028486,0.24028486,0.06706881
23.66666667,0.24016431,0.24016431,0.06703970
23.68333333,0.24004398,0.24004398,0.06701067
23.70000000,0.23992386,0.23992386,0.06698172
23.71666667,0.23980395,0.23980395,0.06695284
23.73333333,0.23968425,0.23968425,0.06692404
23.75000000,0.23956476,0.23956476,0.06689532
23.76666667,0.23944548,0.23944548,0.06686667
23.78333333,0.23932642,0.23932642,0.06683811
23.80000000,0.23920756,0.23920756,0.06680961
23.81666667,0.23908891,0.23908891,0.06678120
23.83333333,0.23897046,0.23897046,0.06675286
23.85000000,0.23885223,0.23885223,0.06672460
23.86666667,0.23873420,0.23873420,0.06669641
23.88333333,0.23861638,0.23861638,0.06666829
23.90000000,0.23849876,0.23849876,0.06664026
23.91666667,0.23838135,0.23838135,0.06661229
23.93333333,0.23826414,0.23826414,0.06658440
23.95000000,0.23814714,0.23814714,0.06655659
23.96666667,0.23803034,0.23803034,0.06652885
23.98333333,0.23791374,0.23791374,0.06650118
24.00000000,0.23779734,0.23779734,0.06647358
24.01666667,0.23768115,0.23768115,0.06644606
24.03333333,0.23756516,0.23756516,0.06641861
24.05000000,0.23744937,0.23744937,0.06639123
24.06666667,0.23733378,0.23733378,0.06636393
24.08333333,0.23721838,0.23721838,0.06633670
24.10000000,0.23710319,0.23710319,0.06630953
24.11666667,0.23698820,0.23698820,0.06628244
24.13333333,0.23687340,0.23687340,0.06625543
24.15000000,0.23675880,0.23675880,0.06622848
24.16666667,0.23664440,0.23664440,0.06620160
24.18333333,0.23653020,0.23653020,0.06617479
24.20000000,0.23641619,0.23641619,0.06614806
24.21666667,0.23630238,0.23630238,0.06612139
24.23333333,0.23618876,0.23618876,0.06609479
24.25000000,0.23607534,0.23607534,0.06606827
24.26666667,0.23596211,0.23596211,0.06604181
24.28333333,0.23584907,0.23584907,0.06601542
24.30000000,0.23573622,0.23573622,0.06598910
24.31666667,0.23562357,0.23562357,0.06596285
24.33333333,0.23551111,0.23551111,0.06593666
24.35000000,0.23539885,0.23539885,0.06591055
24.36666667,0.23528677,0.23528677,0.06588450
24.38333333,0.23517488,0.23517488,0.06585852
24.40000000,0.23506318,0.23506318,0.06583260
24.41666667,0.23495168,0.23495168,0.06580676
24.43333333,0.23484036,0.23484036,0.06578098
24.45000000,0.23472923,0.23472923,0.06575526
24.46666667,0.23461829,0.23461829,0.06572962
24.48333333,0.23450753,0.23450753,0.06570404
24.50000000,0.23439696,0.23439696,0.06567852
24.51666667,0.23428658,0.23428658,0.06565307
24.53333333,0.23417638,0.23417638,0.06562769
24.55000000,0.23406637,0.23406637,0.06560237
24.56666667,0.23395655,0.23395655,0.06557711
24.58333333,0.23384691,0.23384691,0.06555193
24.60000000,0.23373745,0.23373745,0.06552680
24.61666667,0.23362818,0.23362818,0.06550174
24.63333333,0.23351909,0.23351909,0.06547674
24.65000000,0.23341018,0.23341018,0.06545181
24.66666667,0.23330145,0.23330145,0.06542694
24.68333333,0.23319291,0.23319291,0.06540214
24.70000000,0.23308454,0.23308454,0.06537740
24.71666667,0.23297636,0.23297636,0.06535272
24.73333333,0.23286836,0.23286836,0.06532810
24.75000000,0.23276054,0.23276054,0.06530355
24.76666667,0.23265289,0.23265289,0.06527906
24.78333333,0.23254543,0.23254543,0.06525463
24.80000000,0.23243814,0.23243814,0.06523026
24.81666667,0.23233103,0.23233103,0.06520595
24.83333333,0.23222410,0.23222410,0.06518171
24.85000000,0.23211735,0.23211735,0.06515752
24.86666667,0.23201077,0.23201077,0.06513340
24.88333333,0.23190437,0.23190437,0.06510934
24.90000000,0.23179815,0.23179815,0.06508534
24.91666667,0.23169210,0.23169210,0.06506140
24.93333333,0.23158622,0.23158622,0.06503752
24.95000000,0.23148052,0.23148052,0.06501370
24.96666667,0.23137499,0.23137499,0.06498994
24.98333333,0.23126964,0.23126964,0.06496624
25.00000000,0.23116446,0.23116446,0.06494260
25.01666667,0.23105945,0.23105945,0.06491902
25.03333333,0.23095461,0.23095461,0.06489549
25.05000000,0.23084995,0.23084995,0.06487203
25.06666667,0.23074546,0.23074546,0.06484862
25.08333333,0.23064113,0.23064113,0.06482528
25.10000000,0.23053698,0.23053698,0.06480199
25.11666667,0.23043300,0.23043300,0.06477876
25.13333333,0.23032919,0.23032919,0.06475558
25.15000000,0.23022554,0.23022554,0.06473247
25.16666667,0.23012207,0.23012207,0.06470941
25.18333333,0.23001876,0.23001876,0.06468641
25.20000000,0.22991562,0.22991562,0.06466347
25.21666667,0.22981265,0.22981265,0.06464058
25.23333333,0.22970984,0.22970984,0.06461775
25.25000000,0.22960721,0.22960721,0.06459498
25.26666667,0.22950473,0.22950473,0.06457226
25.28333333,0.22940243,0.22940243,0.06454960
25.30000000,0.22930029,0.22930029,0.06452699
25.31666667,0.22919831,0.22919831,0.06450444
25.33333333,0.22909650,0.22909650,0.06448195
25.35000000,0.22899485,0.22899485,0.06445951
25.36666667,0.22889336,0.22889336,0.06443713
25.38333333,0.22879204,0.22879204,0.06441480
25.40000000,0.22869089,0.22869089,0.06439252
25.41666667,0.22858989,0.22858989,0.06437030
25.43333333,0.22848906,0.22848906,0.06434814
25.45000000,0.22838838,0.22838838,0.06432603
25.46666667,0.22828787,0.22828787,0.06430397
25.48333333,0.22818752,0.22818752,0.06428197
25.50000000,0.22808733,0.22808733,0.06426002
25.51666667,0.22798730,0.22798730,0.06423813
25.53333333,0.22788743,0.22788743,0.06421629
25.55000000,0.22778772,0.22778772,0.06419450
25.56666667,0.22768817,0.22768817,0.06417276
25.58333333,0.22758877,0.22758877,0.06415108
25.60000000,0.22748954,0.22748954,0.06412945
25.61666667,0.22739046,0.22739046,0.06410787
25.63333333,0.22729154,0.22729154,0.06408635
25.65000000,0.22719277,0.22719277,0.06406487
25.66666667,0.22709417,0.22709417,0.06404345
25.68333333,0.22699571,0.22699571,0.06402208
25.70000000,0.22689742,0.22689742,0.06400077
25.71666667,0.22679928,0.22679928,0.06397950
25.73333333,0.22670129,0.22670129,0.06395829
25.75000000,0.22660346,0.22660346,0.06393712
25.76666667,0.22650578,0.22650578,0.06391601
25.78333333,0.22640826,0.22640826,0.06389495
25.80000000,0.22631089,0.22631089,0.06387394
25.81666667,0.22621367,0.22621367,0.06385298
25.83333333,0.22611661,0.22611661,0.06383207
25.85000000,0.22601970,0.22601970,0.06381121
25.86666667,0.22592294,0.22592294,0.06379040
25.88333333,0.22582633,0.22582633,0.06376964
25.90000000,0.22572987,0.22572987,0.06374893
25.91666667,0.22563356,0.22563356,0.06372826
25.93333333,0.22553741,0.22553741,0.06370765
25.95000000,0.22544140,0.22544140,0.06368709
25.96666667,0.22534555,0.22534555,0.06366658
25.98333333,0.22524984,0.22524984,0.06364611
26.00000000,0.22515428,0.22515428,0.06362570
26.01666667,0.22505887,0.22505887,0.06360533
26.03333333,0.22496361,0.22496361,0.06358501
26.05000000,0.22486850,0.22486850,0.06356474
26.06666667,0.22477353,0.22477353,0.06354452
26.08333333,0.22467871,0.22467871,0.06352434
26.10000000,0.22458404,0.22458404,0.06350421
26.11666667,0.22448952,0.22448952,0.06348413
26.13333333,0.22439514,0.22439514,0.06346410
26.15000000,0.22430090,0.22430090,0.06344412
26.16666667,0.22420682,0.22420682,0.06342418
26.18333333,0.22411287,0.22411287,0.06340429
26.20000000,0.22401907,0.22401907,0.06338445
26.21666667,0.22392542,0.22392542,0.06336465
26.23333333,0.22383191,0.22383191,0.06334490
26.25000000,0.22373855,0.22373855,0.06332520
26.26666667,0.22364532,0.22364532,0.06330554
26.28333333,0.22355224,0.22355224,0.06328593
26.30000000,0.22345931,0.22345931,0.06326636
26.31666667,0.22336651,0.22336651,0.06324684
26.33333333,0.22327386,0.22327386,0.06322737
26.35000000,0.22318135,0.22318135,0.06320794
26.36666667,0.22308898,0.22308898,0.06318856
26.38333333,0.22299675,0.22299675,0.06316922
26.40000000,0.22290466,0.22290466,0.06314993
26.41666667,0.22281271,0.22281271,0.06313068
26.43333333,0.22272091,0.22272091,0.06311148
26.45000000,0.22262924,0.22262924,0.06309232
26.46666667,0.22253771,0.22253771,0.06307321
26.48333333,0.22244632,0.22244632,0.06305414
26.50000000,0.22235507,0.22235507,0.06303512
26.51666667,0.22226395,0.22226395,0.06301614
26.53333333,0.22217298,0.22217298,0.06299720
26.55000000,0.22208214,0.22208214,0.06297831
26.56666667,0.22199144,0.22199144,0.06295946
26.58333333,0.22190088,0.22190088,0.06294065
26.60000000,0.22181045,0.22181045,0.06292189
26.61666667,0.22172016,0.22172016,0.06290317
26.63333333,0.22163001,0.22163001,0.06288450
26.65000000,0.22153999,0.22153999,0.06286586
26.66666667,0.22145011,0.22145011,0.06284727
26.68333333,0.22136036,0.22136036,0.06282873
26.70000000,0.22127074,0.22127074,0.06281022
26.71666667,0.22118127,0.22118127,0.06279176
26.73333333,0.22109192,0.22109192,0.06277334
26.75000000,0.22100271,0.22100271,0.06275497
26.76666667,0.22091363,0.22091363,0.06273663
26.78333333,0.22082469,0.22082469,0.06271834
26.80000000,0.22073588,0.22073588,0.06270009
26.81666667,0.22064720,0.22064720,0.06268188
26.83333333,0.22055865,0.22055865,0.06266371
26.85000000,0.22047024,0.22047024,0.06264559
26.86666667,0.22038196,0.22038196,0.06262750
26.88333333,0.22029381,0.22029381,0.06260946
26.90000000,0.22020578,0.22020578,0.06259146
26.91666667,0.22011790,0.22011790,0.06257349
26.93333333,0.22003014,0.22003014,0.06255557
26.95000000,0.21994251,0.21994251,0.06253769
26.96666667,0.21985501,0.21985501,0.06251985
26.98333333,0.21976764,0.21976764,0.06250206
27.00000000,0.21968040,0.21968040,0.06248430
27.01666667,0.21959329,0.21959329,0.06246658
27.03333333,0.21950630,0.21950630,0.06244890
27.05000000,0.21941945,0.21941945,0.06243126
27.06666667,0.21933272,0.21933272,0.06241366
27.08333333,0.21924612,0.21924612,0.06239611
27.10000000,0.21915965,0.21915965,0.06237859
27.11666667,0.21907331,0.21907331,0.06236111
27.13333333,0.21898709,0.21898709,0.06234367
27.15000000,0.21890100,0.21890100,0.06232626
27.16666667,0.21881503,0.21881503,0.06230890
27.18333333,0.21872919,0.21872919,0.06229158
27.20000000,0.21864348,0.21864348,0.06227430
27.21666667,0.21855789,0.21855789,0.06225705
27.23333333,0.21847243,0.21847243,0.06223984
27.25000000,0.21838709,0.21838709,0.06222268
27.26666667,0.21830188,0.21830188,0.06220555
27.28333333,0.21821679,0.21821679,0.06218845
27.30000000,0.21813183,0.21813183,0.06217140
27.31666667,0.21804699,0.21804699,0.06215439
27.33333333,0.21796227,0.21796227,0.06213741
27.35000000,0.21787767,0.21787767,0.06212047
27.36666667,0.21779320,0.21779320,0.06210357
27.38333333,0.21770885,0.21770885,0.06208670
27.40000000,0.21762463,0.21762463,0.06206988
27.41666667,0.21754052,0.21754052,0.06205309
27.43333333,0.21745654,0.21745654,0.06203634
27.45000000,0.21737268,0.21737268,0.06201962
27.46666667,0.21728894,0.21728894,0.06200294
27.48333333,0.21720532,0.21720532,0.06198630
27.50000000,0.21712182,0.21712182,0.06196970
27.51666667,0.21703844,0.21703844,0.06195313
27.53333333,0.21695518,0.21695518,0.06193660
27.55000000,0.21687204,0.21687204,0.06192011
27.56666667,0.21678902,0.21678902,0.06190365
27.58333333,0.21670612,0.21670612,0.06188723
27.60000000,0.21662334,0.21662334,0.06187084
27.61666667,0.21654068,0.21654068,0.06185449
27.63333333,0.21645814,0.21645814,0.06183818
27.65000000,0.21637571,0.21637571,0.06182190
27.66666667,0.21629340,0.21629340,0.06180566
27.68333333,0.21621121,0.21621121,0.06178945
27.70000000,0.21612914,0.21612914,0.06177328
27.71666667,0.21604719,0.21604719,0.06175715
27.73333333,0.21596535,0.21596535,0.06174105
27.75000000,0.21588362,0.21588362,0.06172498
27.76666667,0.21580202,0.21580202,0.06170895
27.78333333,0.21572053,0.21572053,0.06169296
27.80000000,0.21563916,0.21563916,0.06167700
27.81666667,0.21555790,0.21555790,0.06166108
27.83333333,0.21547676,0.21547676,0.06164519
27.85000000,0.21539573,0.21539573,0.06162933
27.86666667,0.21531482,0.21531482,0.06161351
27.88333333,0.21523402,0.21523402,0.06159772
27.90000000,0.21515333,0.21515333,0.06158197
27.91666667,0.21507277,0.21507277,0.06156625
27.93333333,0.21499231,0.21499231,0.06155057
27.95000000,0.21491197,0.21491197,0.06153492
27.96666667,0.21483174,0.21483174,0.06151930
27.98333333,0.21475162,0.21475162,0.06150372
28.00000000,0.21467162,0.21467162,0.06148817
28.01666667,0.21459173,0.21459173,0.06147265
28.03333333,0.21451195,0.21451195,0.06145717
28.05000000,0.21443228,0.21443228,0.06144172
28.06666667,0.21435273,0.21435273,0.06142631
28.08333333,0.21427329,0.21427329,0.06141093
28.10000000,0.21419395,0.21419395,0.06139558
28.11666667,0.21411473,0.21411473,0.06138026
28.13333333,0.21403562,0.21403562,0.06136498
28.15000000,0.21395663,0.21395663,0.06134973
28.16666667,0.21387774,0.21387774,0.06133451
28.18333333,0.21379896,0.21379896,0.06131933
28.20000000,0.21372029,0.21372029,0.06130417
28.21666667,0.21364173,0.21364173,0.06128905
28.23333333,0.21356328,0.21356328,0.06127397
28.25000000,0.21348494,0.21348494,0.06125891
28.26666667,0.21340671,0.21340671,0.06124389
28.28333333,0.21332858,0.21332858,0.06122890
28.30000000,0.21325057,0.21325057,0.06121394
28.31666667,0.21317266,0.21317266,0.06119901
28.33333333,0.21309486,0.21309486,0.06118412
28.35000000,0.21301717,0.21301717,0.06116925
28.36666667,0.21293959,0.21293959,0.06115442
28.38333333,0.21286211,0.21286211,0.06113962
28.40000000,0.21278474,0.21278474,0.06112485
28.41666667,0.21270748,0.21270748,0.06111011
28.43333333,0.21263033,0.21263033,0.06109541
28.45000000,0.21255328,0.21255328,0.06108073
28.46666667,0.21247633,0.21247633,0.06106609
28.48333333,0.21239950,0.21239950,0.06105147
28.50000000,0.21232276,0.21232276,0.06103689
28.51666667,0.21224614,0.21224614,0.06102234
28.53333333,0.21216962,0.21216962,0.06100782
28.55000000,0.21209320,0.21209320,0.06099333
28.56666667,0.21201689,0.21201689,0.06097887
28.58333333,0.21194068,0.21194068,0.06096444
28.60000000,0.21186458,0.21186458,0.06095004
28.61666667,0.21178858,0.21178858,0.06093567
28.63333333,0.21171268,0.21171268,0.06092133
28.65000000,0.21163689,0.21163689,0.06090702
28.66666667,0.21156120,0.21156120,0.06089274
28.68333333,0.21148562,0.21148562,0.06087849
28.70000000,0.21141014,0.21141014,0.06086427
28.71666667,0.21133476,0.21133476,0.06085009
28.73333333,0.21125948,0.21125948,0.06083593
28.75000000,0.21118430,0.21118430,0.06082180
28.76666667,0.21110923,0.21110923,0.06080770
28.78333333,0.21103426,0.21103426,0.06079362
28.80000000,0.21095939,0.21095939,0.06077958
28.81666667,0.21088462,0.21088462,0.06076557
28.83333333,0.21080996,0.21080996,0.06075159
28.85000000,0.21073539,0.21073539,0.06073763
28.86666667,0.21066093,0.21066093,0.06072371
28.88333333,0.21058656,0.21058656,0.06070981
28.90000000,0.21051230,0.21051230,0.06069594
28.91666667,0.21043813,0.21043813,0.06068211
28.93333333,0.21036407,0.21036407,0.06066830
28.95000000,0.21029011,0.21029011,0.06065451
28.96666667,0.21021624,0.21021624,0.06064076
28.98333333,0.21014248,0.21014248,0.06062704
29.00000000,0.21006881,0.21006881,0.06061334
29.01666667,0.20999524,0.20999524,0.06059967
29.03333333,0.20992177,0.20992177,0.06058603
29.05000000,0.20984840,0.20984840,0.06057242
29.06666667,0.20977513,0.20977513,0.06055884
29.08333333,0.20970195,0.20970195,0.06054528
29.10000000,0.20962888,0.20962888,0.06053176
29.11666667,0.20955590,0.20955590,0.06051826
29.13333333,0.20948302,0.20948302,0.06050478
29.15000000,0.20941023,0.20941023,0.06049134
29.16666667,0.20933754,0.20933754,0.06047792
29.18333333,0.20926495,0.20926495,0.06046453
29.20000000,0.20919246,0.20919246,0.06045117
29.21666667,0.20912006,0.20912006,0.06043784
29.23333333,0.20904776,0.20904776,0.06042453
29.25000000,0.20897555,0.20897555,0.06041125
29.26666667,0.20890344,0.20890344,0.06039800
29.28333333,0.20883143,0.20883143,0.06038477
29.30000000,0.20875951,0.20875951,0.06037157
29.31666667,0.20868769,0.20868769,0.06035840
29.33333333,0.20861596,0.20861596,0.06034525
29.35000000,0.20854432,0.20854432,0.06033214
29.36666667,0.20847278,0.20847278,0.06031904
29.38333333,0.20840134,0.20840134,0.06030598
29.40000000,0.20832999,0.20832999,0.06029294
29.41666667,0.20825873,0.20825873,0.06027993
29.43333333,0.20818757,0.20818757,0.06026694
29.45000000,0.20811650,0.20811650,0.06025398
29.46666667,0.20804552,0.20804552,0.06024105
29.48333333,0.20797464,0.20797464,0.06022814
29.50000000,0.20790385,0.20790385,0.06021526
29.51666667,0.20783315,0.20783315,0.06020240
29.53333333,0.20776255,0.20776255,0.06018958
29.55000000,0.20769204,0.20769204,0.06017677
29.56666667,0.20762162,0.20762162,0.06016399
29.58333333,0.20755129,0.20755129,0.06015124
29.60000000,0.20748105,0.20748105,0.06013852
29.61666667,0.20741091,0.20741091,0.06012582
29.63333333,0.20734086,0.20734086,0.06011314
29.65000000,0.20727089,0.20727089,0.06010049
29.66666667,0.20720102,0.20720102,0.06008787
29.68333333,0.20713124,0.20713124,0.06007527
29.70000000,0.20706156,0.20706156,0.06006270
29.71666667,0.20699196,0.20699196,0.06005015
29.73333333,0.20692245,0.20692245,0.06003762
29.75000000,0.20685303,0.20685303,0.06002513
29.76666667,0.20678370,0.20678370,0.06001265
29.78333333,0.20671447,0.20671447,0.06000020
29.80000000,0.20664532,0.20664532,0.05998778
29.81666667,0.20657626,0.20657626,0.05997538
29.83333333,0.20650729,0.20650729,0.05996301
29.85000000,0.20643841,0.20643841,0.05995066
29.86666667,0.20636962,0.20636962,0.05993833
29.88333333,0.20630092,0.20630092,0.05992603
29.90000000,0.20623230,0.20623230,0.05991376
29.91666667,0.20616378,0.20616378,0.05990151
29.93333333,0.20609534,0.20609534,0.05988928
29.95000000,0.20602699,0.20602699,0.05987708
29.96666667,0.20595873,0.20595873,0.05986490
29.98333333,0.20589055,0.20589055,0.05985274
30.00000000,0.20582246,0.20582246,0.05984061
30.01666667,0.20575446,0.20575446,0.05982850
30.03333333,0.20568655,0.20568655,0.05981642
30.05000000,0.20561873,0.20561873,0.05980436
30.06666667,0.20555099,0.20555099,0.05979233
30.08333333,0.20548334,0.20548334,0.05978032
30.10000000,0.20541577,0.20541577,0.05976833
30.11666667,0.20534829,0.20534829,0.05975636
30.13333333,0.20528090,0.20528090,0.05974442
30.15000000,0.20521359,0.20521359,0.05973251
30.16666667,0.20514637,0.20514637,0.05972061
30.18333333,0.20507923,0.20507923,0.05970874
30.20000000,0.20501218,0.20501218,0.05969689
30.21666667,0.20494521,0.20494521,0.05968507
30.23333333,0.20487833,0.20487833,0.05967327
30.25000000,0.20481154,0.20481154,0.05966149
30.26666667,0.20474483,0.20474483,0.05964974
30.28333333,0.20467820,0.20467820,0.05963801
30.30000000,0.20461166,0.20461166,0.05962630
30.31666667,0.20454520,0.20454520,0.05961461
30.33333333,0.20447882,0.20447882,0.05960295
30.35000000,0.20441253,0.20441253,0.05959131
30.36666667,0.20434633,0.20434633,0.05957969
30.38333333,0.20428020,0.20428020,0.05956810
30.40000000,0.20421416,0.20421416,0.05955652
30.41666667,0.20414821,0.20414821,0.05954497
30.43333333,0.20408233,0.20408233,0.05953345
30.45000000,0.20401654,0.20401654,0.05952194
30.46666667,0.20395083,0.20395083,0.05951046
30.48333333,0.20388521,0.20388521,0.05949900
30.50000000,0.20381966,0.20381966,0.05948756
30.51666667,0.20375420,0.20375420,0.05947614
30.53333333,0.20368882,0.20368882,0.05946475
30.55000000,0.20362353,0.20362353,0.05945338
30.56666667,0.20355831,0.20355831,0.05944203
30.58333333,0.20349318,0.20349318,0.05943070
30.60000000,0.20342812,0.20342812,0.05941939
30.61666667,0.20336315,0.20336315,0.05940811
30.63333333,0.20329826,0.20329826,0.05939684
30.65000000,0.20323345,0.20323345,0.05938560
30.66666667,0.20316872,0.20316872,0.05937438
30.68333333,0.20310407,0.20310407,0.05936318
30.70000000,0.20303950,0.20303950,0.05935201
30.71666667,0.20297502,0.20297502,0.05934085
30.73333333,0.20291061,0.20291061,0.05932972
30.75000000,0.20284628,0.20284628,0.05931861
30.76666667,0.20278203,0.20278203,0.05930752
30.78333333,0.20271787,0.20271787,0.05929645
30.80000000,0.20265378,0.20265378,0.05928540
30.81666667,0.20258977,0.20258977,0.05927437
30.83333333,0.20252584,0.20252584,0.05926336
30.85000000,0.20246198,0.20246198,0.05925238
30.86666667,0.20239821,0.20239821,0.05924141
30.88333333,0.20233452,0.20233452,0.05923047
30.90000000,0.20227090,0.20227090,0.05921955
30.91666667,0.20220737,0.20220737,0.05920865
30.93333333,0.20214391,0.20214391,0.05919776
30.95000000,0.20208053,0.20208053,0.05918690
30.96666667,0.20201722,0.20201722,0.05917606
30.98333333,0.20195400,0.20195400,0.05916524
31.00000000,0.20189085,0.20189085,0.05915445
31.01666667,0.20182778,0.20182778,0.05914367
31.03333333,0.20176479,0.20176479,0.05913291
31.05000000,0.20170187,0.20170187,0.05912217
31.06666667,0.20163903,0.20163903,0.05911145
31.08333333,0.20157627,0.20157627,0.05910076
31.10000000,0.20151359,0.20151359,0.05909008
31.11666667,0.20145098,0.20145098,0.05907942
31.13333333,0.20138845,0.20138845,0.05906879
31.15000000,0.20132599,0.20132599,0.05905817
31.16666667,0.20126361,0.20126361,0.05904758
31.18333333,0.20120131,0.20120131,0.05903700
31.20000000,0.20113908,0.20113908,0.05902644
31.21666667,0.20107693,0.20107693,0.05901591
31.23333333,0.20101485,0.20101485,0.05900539
31.25000000,0.20095285,0.20095285,0.05899489
31.26666667,0.20089092,0.20089092,0.05898441
31.28333333,0.20082907,0.20082907,0.05897396
31.30000000,0.20076730,0.20076730,0.05896352
31.31666667,0.20070560,0.20070560,0.05895310
31.33333333,0.20064397,0.20064397,0.05894270
31.35000000,0.20058242,0.20058242,0.05893232
31.36666667,0.20052094,0.20052094,0.05892196
31.38333333,0.20045954,0.20045954,0.05891162
31.40000000,0.20039821,0.20039821,0.05890130
31.41666667,0.20033695,0.20033695,0.05889100
31.43333333,0.20027577,0.20027577,0.05888071
31.45000000,0.20021467,0.20021467,0.05887045
31.46666667,0.20015363,0.20015363,0.05886020
31.48333333,0.20009267,0.20009267,0.05884998
31.50000000,0.20003178,0.20003178,0.05883977
31.51666667,0.19997097,0.19997097,0.05882958
31.53333333,0.19991023,0.19991023,0.05881941
31.55000000,0.19984956,0.19984956,0.05880926
31.56666667,0.19978896,0.19978896,0.05879913
31.58333333,0.19972844,0.19972844,0.05878902
31.60000000,0.19966799,0.19966799,0.05877893
31.61666667,0.19960761,0.19960761,0.05876885
31.63333333,0.19954730,0.19954730,0.05875879
31.65000000,0.19948707,0.19948707,0.05874876
31.66666667,0.19942691,0.19942691,0.05873874
31.68333333,0.19936682,0.19936682,0.05872874
31.70000000,0.19930680,0.19930680,0.05871875
31.71666667,0.19924685,0.19924685,0.05870879
31.73333333,0.19918697,0.19918697,0.05869884
31.75000000,0.19912717,0.19912717,0.05868892
31.76666667,0.19906743,0.19906743,0.05867901
31.78333333,0.19900777,0.19900777,0.05866912
31.80000000,0.19894818,0.19894818,0.05865924
31.81666667,0.19888865,0.19888865,0.05864939
31.83333333,0.19882920,0.19882920,0.05863955
31.85000000,0.19876982,0.19876982,0.05862973
31.86666667,0.19871051,0.19871051,0.05861993
31.88333333,0.19865127,0.19865127,0.05861015
31.90000000,0.19859210,0.19859210,0.05860039
31.91666667,0.19853300,0.19853300,0.05859064
31.93333333,0.19847397,0.19847397,0.05858091
31.95000000,0.19841501,0.19841501,0.05857120
31.96666667,0.19835612,0.19835612,0.05856151
31.98333333,0.19829729,0.19829729,0.05855183
32.00000000,0.19823854,0.19823854,0.05854217
32.01666667,0.19817986,0.19817986,0.05853253
32.03333333,0.19812124,0.19812124,0.05852291
32.05000000,0.19806269,0.19806269,0.05851330
32.06666667,0.19800422,0.19800422,0.05850372
32.08333333,0.19794581,0.19794581,0.05849414
32.10000000,0.19788747,0.19788747,0.05848459
32.11666667,0.19782919,0.19782919,0.05847506
32.13333333,0.19777099,0.19777099,0.05846554
32.15000000,0.19771285,0.19771285,0.05845603
32.16666667,0.19765478,0.19765478,0.05844655
32.18333333,0.19759678,0.19759678,0.05843708
32.20000000,0.19753885,0.19753885,0.05842763
32.21666667,0.19748099,0.19748099,0.05841820
32.23333333,0.19742319,0.19742319,0.05840878
32.25000000,0.19736546,0.19736546,0.05839939
32.26666667,0.19730779,0.19730779,0.05839000
32.28333333,0.19725020,0.19725020,0.05838064
32.30000000,0.19719267,0.19719267,0.05837129
32.31666667,0.19713521,0.19713521,0.05836196
32.33333333,0.19707781,0.19707781,0.05835264
32.35000000,0.19702048,0.19702048,0.05834335
32.36666667,0.19696322,0.19696322,0.05833407
32.38333333,0.19690602,0.19690602,0.05832480
32.40000000,0.19684889,0.19684889,0.05831555
32.41666667,0.19679183,0.19679183,0.05830632
32.43333333,0.19673483,0.19673483,0.05829711
32.45000000,0.19667789,0.19667789,0.05828791
32.46666667,0.19662103,0.19662103,0.05827873
32.48333333,0.19656423,0.19656423,0.05826956
32.50000000,0.19650749,0.19650749,0.05826041
32.51666667,0.19645082,0.19645082,0.05825128
32.53333333,0.19639421,0.19639421,0.05824216
32.55000000,0.19633767,0.19633767,0.05823306
32.56666667,0.19628120,0.19628120,0.05822398
32.58333333,0.19622479,0.19622479,0.05821491
32.60000000,0.19616844,0.19616844,0.05820586
32.61666667,0.19611216,0.19611216,0.05819683
32.63333333,0.19605595,0.19605595,0.05818781
32.65000000,0.19599979,0.19599979,0.05817880
32.66666667,0.19594371,0.19594371,0.05816982
32.68333333,0.19588768,0.19588768,0.05816084
32.70000000,0.19583172,0.19583172,0.05815189
32.71666667,0.19577583,0.19577583,0.05814295
32.73333333,0.19572000,0.19572000,0.05813403
32.75000000,0.19566423,0.19566423,0.05812512
32.76666667,0.19560852,0.19560852,0.05811623
32.78333333,0.19555288,0.19555288,0.05810735
32.80000000,0.19549730,0.19549730,0.05809849
32.81666667,0.19544179,0.19544179,0.05808964
32.83333333,0.19538634,0.19538634,0.05808081
32.85000000,0.19533095,0.19533095,0.05807200
32.86666667,0.19527562,0.19527562,0.05806320
32.88333333,0.19522036,0.19522036,0.05805442
32.90000000,0.19516516,0.19516516,0.05804565
32.91666667,0.19511002,0.19511002,0.05803690
32.93333333,0.19505495,0.19505495,0.05802816
32.95000000,0.19499994,0.19499994,0.05801944
32.96666667,0.19494499,0.19494499,0.05801073
32.98333333,0.19489010,0.19489010,0.05800204
33.00000000,0.19483527,0.19483527,0.05799337
33.01666667,0.19478051,0.19478051,0.05798471
33.03333333,0.19472580,0.19472580,0.05797606
33.05000000,0.19467116,0.19467116,0.05796743
33.06666667,0.19461658,0.19461658,0.05795882
33.08333333,0.19456206,0.19456206,0.05795022
33.10000000,0.19450761,0.19450761,0.05794163
33.11666667,0.19445321,0.19445321,0.05793306
33.13333333,0.19439888,0.19439888,0.05792451
33.15000000,0.19434460,0.19434460,0.05791597
33.16666667,0.19429039,0.19429039,0.05790744
33.18333333,0.19423624,0.19423624,0.05789893
33.20000000,0.19418215,0.19418215,0.05789043
33.21666667,0.19412812,0.19412812,0.05788195
33.23333333,0.19407415,0.19407415,0.05787349
33.25000000,0.19402024,0.19402024,0.05786504
33.26666667,0.19396639,0.19396639,0.05785660
33.28333333,0.19391260,0.19391260,0.05784818
33.30000000,0.19385887,0.19385887,0.05783977
33.31666667,0.19380520,0.19380520,0.05783138
33.33333333,0.19375159,0.19375159,0.05782300
33.35000000,0.19369804,0.19369804,0.05781463
33.36666667,0.19364455,0.19364455,0.05780629
33.38333333,0.19359112,0.19359112,0.05779795
33.40000000,0.19353775,0.19353775,0.05778963
33.41666667,0.19348443,0.19348443,0.05778132
33.43333333,0.19343118,0.19343118,0.05777303
33.45000000,0.19337799,0.19337799,0.05776475
33.46666667,0.19332485,0.19332485,0.05775649
33.48333333,0.19327177,0.19327177,0.05774824
33.50000000,0.19321876,0.19321876,0.05774001
33.51666667,0.19316580,0.19316580,0.05773178
33.53333333,0.19311290,0.19311290,0.05772358
33.55000000,0.19306006,0.19306006,0.05771539
33.56666667,0.19300727,0.19300727,0.05770721
33.58333333,0.19295455,0.19295455,0.05769904
33.60000000,0.19290188,0.19290188,0.05769089
33.61666667,0.19284927,0.19284927,0.05768276
33.63333333,0.19279672,0.19279672,0.05767463
33.65000000,0.19274423,0.19274423,0.05766652
33.66666667,0.19269179,0.19269179,0.05765843
33.68333333,0.19263941,0.19263941,0.05765035
33.70000000,0.19258709,0.19258709,0.05764228
33.71666667,0.19253483,0.19253483,0.05763423
33.73333333,0.19248262,0.19248262,0.05762619
33.75000000,0.19243047,0.19243047,0.05761816
33.76666667,0.19237838,0.19237838,0.05761015
33.78333333,0.19232635,0.19232635,0.05760215
33.80000000,0.19227437,0.19227437,0.05759416
33.81666667,0.19222245,0.19222245,0.05758619
33.83333333,0.19217059,0.19217059,0.05757823
33.85000000,0.19211878,0.19211878,0.05757029
33.86666667,0.19206703,0.19206703,0.05756236
33.88333333,0.19201533,0.19201533,0.05755444
33.90000000,0.19196370,0.19196370,0.05754654
33.91666667,0.19191211,0.19191211,0.05753865
33.93333333,0.19186059,0.19186059,0.05753077
33.95000000,0.19180912,0.19180912,0.05752290
33.96666667,0.19175770,0.19175770,0.05751505
33.98333333,0.19170635,0.19170635,0.05750722
34.00000000,0.19165504,0.19165504,0.05749939
34.01666667,0.19160380,0.19160380,0.05749158
34.03333333,0.19155261,0.19155261,0.05748378
34.05000000,0.19150147,0.19150147,0.05747600
34.06666667,0.19145039,0.19145039,0.05746823
34.08333333,0.19139937,0.19139937,0.05746047
34.10000000,0.19134840,0.19134840,0.05745272
34.11666667,0.19129748,0.19129748,0.05744499
34.13333333,0.19124662,0.19124662,0.05743727
34.15000000,0.19119582,0.19119582,0.05742956
34.16666667,0.19114507,0.19114507,0.05742187
34.18333333,0.19109437,0.19109437,0.05741419
34.20000000,0.19104373,0.19104373,0.05740652
34.21666667,0.19099315,0.19099315,0.05739886
34.23333333,0.19094261,0.19094261,0.05739122
34.25000000,0.19089214,0.19089214,0.05738359
34.26666667,0.19084171,0.19084171,0.05737598
34.28333333,0.19079134,0.19079134,0.05736837
34.30000000,0.19074103,0.19074103,0.05736078
34.31666667,0.19069077,0.19069077,0.05735320
34.33333333,0.19064056,0.19064056,0.05734564
34.35000000,0.19059041,0.19059041,0.05733808
34.36666667,0.19054031,0.19054031,0.05733054
34.38333333,0.19049026,0.19049026,0.05732301
34.40000000,0.19044027,0.19044027,0.05731550
34.41666667,0.19039033,0.19039033,0.05730799
34.43333333,0.19034044,0.19034044,0.05730050
34.45000000,0.19029061,0.19029061,0.05729302
34.46666667,0.19024083,0.19024083,0.05728556
34.48333333,0.19019110,0.19019110,0.05727810
34.50000000,0.19014143,0.19014143,0.05727066
34.51666667,0.19009181,0.19009181,0.05726323
34.53333333,0.19004224,0.19004224,0.05725582
34.55000000,0.18999273,0.18999273,0.05724841
34.56666667,0.18994326,0.18994326,0.05724102
34.58333333,0.18989385,0.18989385,0.05723364
34.60000000,0.18984449,0.18984449,0.05722627
34.61666667,0.18979519,0.18979519,0.05721892
34.63333333,0.18974594,0.18974594,0.05721158
34.65000000,0.18969673,0.18969673,0.05720424
34.66666667,0.18964759,0.18964759,0.05719692
34.68333333,0.18959849,0.18959849,0.05718962
34.70000000,0.18954944,0.18954944,0.05718232
34.71666667,0.18950045,0.18950045,0.05717504
34.73333333,0.18945151,0.18945151,0.05716777
34.75000000,0.18940262,0.18940262,0.05716051
34.76666667,0.18935378,0.18935378,0.05715326
34.78333333,0.18930499,0.18930499,0.05714603
34.80000000,0.18925625,0.18925625,0.05713880
34.81666667,0.18920757,0.18920757,0.05713159
34.83333333,0.18915894,0.18915894,0.05712439
34.85000000,0.18911035,0.18911035,0.05711720
34.86666667,0.18906182,0.18906182,0.05711003
34.88333333,0.18901334,0.18901334,0.05710286
34.90000000,0.18896491,0.18896491,0.05709571
34.91666667,0.18891653,0.18891653,0.05708857
34.93333333,0.18886820,0.18886820,0.05708144
34.95000000,0.18881993,0.18881993,0.05707432
34.96666667,0.18877170,0.18877170,0.05706721
34.98333333,0.18872352,0.18872352,0.05706012
35.00000000,0.18867540,0.18867540,0.05705304
35.01666667,0.18862732,0.18862732,0.05704596
35.03333333,0.18857929,0.18857929,0.05703890
35.05000000,0.18853132,0.18853132,0.05703186
35.06666667,0.18848339,0.18848339,0.05702482
35.08333333,0.18843552,0.18843552,0.05701779
35.10000000,0.18838769,0.18838769,0.05701078
35.11666667,0.18833991,0.18833991,0.05700377
35.13333333,0.18829219,0.18829219,0.05699678
35.15000000,0.18824451,0.18824451,0.05698980
35.16666667,0.18819688,0.18819688,0.05698283
35.18333333,0.18814930,0.18814930,0.05697588
35.20000000,0.18810177,0.18810177,0.05696893
35.21666667,0.18805429,0.18805429,0.05696199
35.23333333,0.18800686,0.18800686,0.05695507
35.25000000,0.18795948,0.18795948,0.05694816
35.26666667,0.18791215,0.18791215,0.05694125
35.28333333,0.18786486,0.18786486,0.05693436
35.30000000,0.18781763,0.18781763,0.05692748
35.31666667,0.18777044,0.18777044,0.05692062
35.33333333,0.18772331,0.18772331,0.05691376
35.35000000,0.18767622,0.18767622,0.05690691
35.36666667,0.18762918,0.18762918,0.05690008
35.38333333,0.18758219,0.18758219,0.05689325
35.40000000,0.18753524,0.18753524,0.05688644
35.41666667,0.18748835,0.18748835,0.05687964
35.43333333,0.18744150,0.18744150,0.05687284
35.45000000,0.18739470,0.18739470,0.05686606
35.46666667,0.18734795,0.18734795,0.05685929
35.48333333,0.18730125,0.18730125,0.05685253
35.50000000,0.18725459,0.18725459,0.05684579
35.51666667,0.18720798,0.18720798,0.05683905
35.53333333,0.18716142,0.18716142,0.05683232
35.55000000,0.18711491,0.18711491,0.05682561
35.56666667,0.18706845,0.18706845,0.05681890
35.58333333,0.18702203,0.18702203,0.05681221
35.60000000,0.18697566,0.18697566,0.05680552
35.61666667,0.18692934,0.18692934,0.05679885
35.63333333,0.18688307,0.18688307,0.05679219
35.65000000,0.18683684,0.18683684,0.05678553
35.66666667,0.18679066,0.18679066,0.05677889
35.68333333,0.18674452,0.18674452,0.05677226
35.70000000,0.18669844,0.18669844,0.05676564
35.71666667,0.18665240,0.18665240,0.05675903
35.73333333,0.18660640,0.18660640,0.05675243
35.75000000,0.18656046,0.18656046,0.05674584
35.76666667,0.18651456,0.18651456,0.05673926
35.78333333,0.18646871,0.18646871,0.05673270
35.80000000,0.18642290,0.18642290,0.05672614
35.81666667,0.18637714,0.18637714,0.05671959
35.83333333,0.18633143,0.18633143,0.05671305
35.85000000,0.18628576,0.18628576,0.05670653
35.86666667,0.18624014,0.18624014,0.05670001
35.88333333,0.18619456,0.18619456,0.05669351
35.90000000,0.18614903,0.18614903,0.05668701
35.91666667,0.18610355,0.18610355,0.05668052
35.93333333,0.18605811,0.18605811,0.05667405
35.95000000,0.18601272,0.18601272,0.05666758
35.96666667,0.18596737,0.18596737,0.05666113
35.98333333,0.18592207,0.18592207,0.05665468
36.00000000,0.18587682,0.18587682,0.05664825
36.01666667,0.18583161,0.18583161,0.05664182
36.03333333,0.18578645,0.18578645,0.05663541
36.05000000,0.18574133,0.18574133,0.05662901
36.06666667,0.18569626,0.18569626,0.05662261
36.08333333,0.18565123,0.18565123,0.05661623
36.10000000,0.18560625,0.18560625,0.05660985
36.11666667,0.18556131,0.18556131,0.05660349
36.13333333,0.18551642,0.18551642,0.05659713
36.15000000,0.18547157,0.18547157,0.05659079
36.16666667,0.18542677,0.18542677,0.05658445
36.18333333,0.18538201,0.18538201,0.05657813
36.20000000,0.18533730,0.18533730,0.05657181
36.21666667,0.18529263,0.18529263,0.05656551
36.23333333,0.18524800,0.18524800,0.05655921
36.25000000,0.18520342,0.18520342,0.05655293
36.26666667,0.18515889,0.18515889,0.05654665
36.28333333,0.18511440,0.18511440,0.05654039
36.30000000,0.18506995,0.18506995,0.05653413
36.31666667,0.18502555,0.18502555,0.05652789
36.33333333,0.18498119,0.18498119,0.05652165
36.35000000,0.18493688,0.18493688,0.05651542
36.36666667,0.18489261,0.18489261,0.05650921
36.38333333,0.18484838,0.18484838,0.05650300
36.40000000,0.18480420,0.18480420,0.05649680
36.41666667,0.18476006,0.18476006,0.05649061
36.43333333,0.18471597,0.18471597,0.05648443
36.45000000,0.18467192,0.18467192,0.05647826
36.46666667,0.18462791,0.18462791,0.05647210
36.48333333,0.18458395,0.18458395,0.05646595
36.50000000,0.18454003,0.18454003,0.05645981
36.51666667,0.18449615,0.18449615,0.05645368
36.53333333,0.18445232,0.18445232,0.05644756
36.55000000,0.18440853,0.18440853,0.05644145
36.56666667,0.18436478,0.18436478,0.05643534
36.58333333,0.18432108,0.18432108,0.05642925
36.60000000,0.18427742,0.18427742,0.05642317
36.61666667,0.18423380,0.18423380,0.05641709
36.63333333,0.18419022,0.18419022,0.05641103
36.65000000,0.18414669,0.18414669,0.05640497
36.66666667,0.18410320,0.18410320,0.05639892
36.68333333,0.18405975,0.18405975,0.05639289
36.70000000,0.18401635,0.18401635,0.05638686
36.71666667,0.18397299,0.18397299,0.05638084
36.73333333,0.18392967,0.18392967,0.05637483
36.75000000,0.18388639,0.18388639,0.05636883
36.76666667,0.18384316,0.18384316,0.05636284
36.78333333,0.18379997,0.18379997,0.05635686
36.80000000,0.18375682,0.18375682,0.05635088
36.81666667,0.18371371,0.18371371,0.05634492
36.83333333,0.18367065,0.18367065,0.05633896
36.85000000,0.18362762,0.18362762,0.05633302
36.86666667,0.18358464,0.18358464,0.05632708
36.88333333,0.18354170,0.18354170,0.05632115
36.90000000,0.18349880,0.18349880,0.05631524
36.91666667,0.18345595,0.18345595,0.05630933
36.93333333,0.18341313,0.18341313,0.05630343
36.95000000,0.18337036,0.18337036,0.05629753
36.96666667,0.18332763,0.18332763,0.05629165
36.98333333,0.18328494,0.18328494,0.05628578
37.00000000,0.18324229,0.18324229,0.05627991
37.01666667,0.18319969,0.18319969,0.05627406
37.03333333,0.18315712,0.18315712,0.05626821
37.05000000,0.18311460,0.18311460,0.05626237
37.06666667,0.18307211,0.18307211,0.05625654
37.08333333,0.18302967,0.18302967,0.05625072
37.10000000,0.18298727,0.18298727,0.05624491
37.11666667,0.18294491,0.18294491,0.05623911
37.13333333,0.18290259,0.18290259,0.05623332
37.15000000,0.18286032,0.18286032,0.05622753
37.16666667,0.18281808,0.18281808,0.05622175
37.18333333,0.18277588,0.18277588,0.05621599
37.20000000,0.18273373,0.18273373,0.05621023
37.21666667,0.18269161,0.18269161,0.05620448
37.23333333,0.18264954,0.18264954,0.05619874
37.25000000,0.18260750,0.18260750,0.05619300
37.26666667,0.18256551,0.18256551,0.05618728
37.28333333,0.18252356,0.18252356,0.05618156
37.30000000,0.18248164,0.18248164,0.05617585
37.31666667,0.18243977,0.18243977,0.05617016
37.33333333,0.18239794,0.18239794,0.05616447
37.35000000,0.18235615,0.18235615,0.05615878
37.36666667,0.18231439,0.18231439,0.05615311
37.38333333,0.18227268,0.18227268,0.05614745
37.40000000,0.18223101,0.18223101,0.05614179
37.41666667,0.18218938,0.18218938,0.05613614
37.43333333,0.18214778,0.18214778,0.05613050
37.45000000,0.18210623,0.18210623,0.05612487
37.46666667,0.18206472,0.18206472,0.05611925
37.48333333,0.18202325,0.18202325,0.05611364
37.50000000,0.18198181,0.18198181,0.05610803
37.51666667,0.18194042,0.18194042,0.05610244
37.53333333,0.18189906,0.18189906,0.05609685
37.55000000,0.18185775,0.18185775,0.05609127
37.56666667,0.18181647,0.18181647,0.05608569
37.58333333,0.18177523,0.18177523,0.05608013
37.60000000,0.18173403,0.18173403,0.05607458
37.61666667,0.18169288,0.18169288,0.05606903
37.63333333,0.18165176,0.18165176,0.05606349
37.65000000,0.18161068,0.18161068,0.05605796
37.66666667,0.18156963,0.18156963,0.05605244
37.68333333,0.18152863,0.18152863,0.05604692
37.70000000,0.18148767,0.18148767,0.05604142
37.71666667,0.18144674,0.18144674,0.05603592
37.73333333,0.18140586,0.18140586,0.05603043
37.75000000,0.18136501,0.18136501,0.05602495
37.76666667,0.18132420,0.18132420,0.05601947
37.78333333,0.18128343,0.18128343,0.05601401
37.80000000,0.18124270,0.18124270,0.05600855
37.81666667,0.18120200,0.18120200,0.05600310
37.83333333,0.18116135,0.18116135,0.05599766
37.85000000,0.18112073,0.18112073,0.05599223
37.86666667,0.18108015,0.18108015,0.05598680
37.88333333,0.18103961,0.18103961,0.05598138
37.90000000,0.18099911,0.18099911,0.05597598
37.91666667,0.18095864,0.18095864,0.05597057
37.93333333,0.18091822,0.18091822,0.05596518
37.95000000,0.18087783,0.18087783,0.05595980
37.96666667,0.18083748,0.18083748,0.05595442
37.98333333,0.18079717,0.18079717,0.05594905
38.00000000,0.18075689,0.18075689,0.05594369
38.01666667,0.18071666,0.18071666,0.05593833
38.03333333,0.18067646,0.18067646,0.05593299
38.05000000,0.18063629,0.18063629,0.05592765
38.06666667,0.18059617,0.18059617,0.05592232
38.08333333,0.18055608,0.18055608,0.05591700
38.10000000,0.18051603,0.18051603,0.05591168
38.11666667,0.18047602,0.18047602,0.05590638
38.13333333,0.18043605,0.18043605,0.05590108
38.15000000,0.18039611,0.18039611,0.05589579
38.16666667,0.18035621,0.18035621,0.05589050
38.18333333,0.18031635,0.18031635,0.05588523
38.20000000,0.18027652,0.18027652,0.05587996
38.21666667,0.18023673,0.18023673,0.05587470
38.23333333,0.18019698,0.18019698,0.05586944
38.25000000,0.18015727,0.18015727,0.05586420
38.26666667,0.18011759,0.18011759,0.05585896
38.28333333,0.18007795,0.18007795,0.05585373
38.30000000,0.18003835,0.18003835,0.05584851
38.31666667,0.17999878,0.17999878,0.05584330
38.33333333,0.17995925,0.17995925,0.05583809
38.35000000,0.17991975,0.17991975,0.05583289
38.36666667,0.17988030,0.17988030,0.05582770
38.38333333,0.17984088,0.17984088,0.05582251
38.40000000,0.17980149,0.17980149,0.05581734
38.41666667,0.17976214,0.17976214,0.05581217
38.43333333,0.17972283,0.17972283,0.05580700
38.45000000,0.17968356,0.17968356,0.05580185
38.46666667,0.17964432,0.17964432,0.05579670
38.48333333,0.17960511,0.17960511,0.05579156
38.50000000,0.17956595,0.17956595,0.05578643
38.51666667,0.17952682,0.17952682,0.05578131
38.53333333,0.17948772,0.17948772,0.05577619
38.55000000,0.17944866,0.17944866,0.05577108
38.56666667,0.17940964,0.17940964,0.05576598
38.58333333,0.17937065,0.17937065,0.05576088
38.60000000,0.17933170,0.17933170,0.05575580
38.61666667,0.17929279,0.17929279,0.05575071
38.63333333,0.17925391,0.17925391,0.05574564
38.65000000,0.17921506,0.17921506,0.05574058
38.66666667,0.17917625,0.17917625,0.05573552
38.68333333,0.17913748,0.17913748,0.05573047
38.70000000,0.17909874,0.17909874,0.05572542
38.71666667,0.17906004,0.17906004,0.05572039
38.73333333,0.17902138,0.17902138,0.05571536
38.75000000,0.17898274,0.17898274,0.05571033
38.76666667,0.17894415,0.17894415,0.05570532
38.78333333,0.17890559,0.17890559,0.05570031
38.80000000,0.17886706,0.17886706,0.05569531
38.81666667,0.17882857,0.17882857,0.05569032
38.83333333,0.17879012,0.17879012,0.05568533
38.85000000,0.17875170,0.17875170,0.05568035
38.86666667,0.17871331,0.17871331,0.05567538
38.88333333,0.17867496,0.17867496,0.05567041
38.90000000,0.17863665,0.17863665,0.05566546
38.91666667,0.17859836,0.17859836,0.05566050
38.93333333,0.17856012,0.17856012,0.05565556
38.95000000,0.17852191,0.17852191,0.05565062
38.96666667,0.17848373,0.17848373,0.05564569
38.98333333,0.17844559,0.17844559,0.05564077
39.00000000,0.17840748,0.17840748,0.05563586
39.01666667,0.17836941,0.17836941,0.05563095
39.03333333,0.17833137,0.17833137,0.05562604
39.05000000,0.17829337,0.17829337,0.05562115
39.06666667,0.17825540,0.17825540,0.05561626
39.08333333,0.17821746,0.17821746,0.05561138
39.10000000,0.17817956,0.17817956,0.05560651
39.11666667,0.17814169,0.17814169,0.05560164
39.13333333,0.17810386,0.17810386,0.05559678
39.15000000,0.17806606,0.17806606,0.05559193
39.16666667,0.17802830,0.17802830,0.05558708
39.18333333,0.17799057,0.17799057,0.05558224
39.20000000,0.17795287,0.17795287,0.05557741
39.21666667,0.17791521,0.17791521,0.05557258
39.23333333,0.17787758,0.17787758,0.05556776
39.25000000,0.17783999,0.17783999,0.05556295
39.26666667,0.17780243,0.17780243,0.05555815
39.28333333,0.17776490,0.17776490,0.05555335
39.30000000,0.17772741,0.17772741,0.05554855
39.31666667,0.17768995,0.17768995,0.05554377
39.33333333,0.17765252,0.17765252,0.05553899
39.35000000,0.17761513,0.17761513,0.05553422
39.36666667,0.17757777,0.17757777,0.05552945
39.38333333,0.17754044,0.17754044,0.05552470
39.40000000,0.17750315,0.17750315,0.05551994
39.41666667,0.17746589,0.17746589,0.05551520
39.43333333,0.17742866,0.17742866,0.05551046
39.45000000,0.17739147,0.17739147,0.05550573
39.46666667,0.17735431,0.17735431,0.05550100
39.48333333,0.17731718,0.17731718,0.05549629
39.50000000,0.17728009,0.17728009,0.05549157
39.51666667,0.17724303,0.17724303,0.05548687
39.53333333,0.17720600,0.17720600,0.05548217
39.55000000,0.17716901,0.17716901,0.05547748
39.56666667,0.17713205,0.17713205,0.05547279
39.58333333,0.17709512,0.17709512,0.05546811
39.60000000,0.17705822,0.17705822,0.05546344
39.61666667,0.17702136,0.17702136,0.05545878
39.63333333,0.17698453,0.17698453,0.05545412
39.65000000,0.17694773,0.17694773,0.05544946
39.66666667,0.17691097,0.17691097,0.05544482
39.68333333,0.17687424,0.17687424,0.05544018
39.70000000,0.17683754,0.17683754,0.05543554
39.71666667,0.17680087,0.17680087,0.05543092
39.73333333,0.17676423,0.17676423,0.05542630
39.75000000,0.17672763,0.17672763,0.05542168
39.76666667,0.17669106,0.17669106,0.05541708
39.78333333,0.17665452,0.17665452,0.05541247
39.80000000,0.17661802,0.17661802,0.05540788
39.81666667,0.17658155,0.17658155,0.05540329
39.83333333,0.17654510,0.17654510,0.05539871
39.85000000,0.17650870,0.17650870,0.05539413
39.86666667,0.17647232,0.17647232,0.05538956
39.88333333,0.17643597,0.17643597,0.05538500
39.90000000,0.17639966,0.17639966,0.05538044
39.91666667,0.17636338,0.17636338,0.05537589
39.93333333,0.17632713,0.17632713,0.05537135
39.95000000,0.17629091,0.17629091,0.05536681
39.96666667,0.17625473,0.17625473,0.05536228
39.98333333,0.17621857,0.17621857,0.05535775
40.00000000,0.17618245,0.17618245,0.05535323
40.01666667,0.17614636,0.17614636,0.05534872
40.03333333,0.17611030,0.17611030,0.05534421
40.05000000,0.17607427,0.17607427,0.05533971
40.06666667,0.17603828,0.17603828,0.05533522
40.08333333,0.17600231,0.17600231,0.05533073
40.10000000,0.17596638,0.17596638,0.05532625
40.11666667,0.17593048,0.17593048,0.05532177
40.13333333,0.17589461,0.17589461,0.05531730
40.15000000,0.17585877,0.17585877,0.05531284
40.16666667,0.17582296,0.17582296,0.05530838
40.18333333,0.17578719,0.17578719,0.05530393
40.20000000,0.17575144,0.17575144,0.05529949
40.21666667,0.17571573,0.17571573,0.05529505
40.23333333,0.17568005,0.17568005,0.05529061
40.25000000,0.17564439,0.17564439,0.05528619
40.26666667,0.17560877,0.17560877,0.05528177
40.28333333,0.17557318,0.17557318,0.05527735
40.30000000,0.17553762,0.17553762,0.05527294
40.31666667,0.17550210,0.17550210,0.05526854
40.33333333,0.17546660,0.17546660,0.05526414
40.35000000,0.17543113,0.17543113,0.05525975
40.36666667,0.17539570,0.17539570,0.05525537
40.38333333,0.17536029,0.17536029,0.05525099
40.40000000,0.17532492,0.17532492,0.05524662
40.41666667,0.17528957,0.17528957,0.05524225
40.43333333,0.17525426,0.17525426,0.05523789
40.45000000,0.17521898,0.17521898,0.05523353
40.46666667,0.17518373,0.17518373,0.05522918
40.48333333,0.17514850,0.17514850,0.05522484
40.50000000,0.17511331,0.17511331,0.05522050
40.51666667,0.17507815,0.17507815,0.05521617
40.53333333,0.17504302,0.17504302,0.05521185
40.55000000,0.17500792,0.17500792,0.05520753
40.56666667,0.17497285,0.17497285,0.05520321
40.58333333,0.17493781,0.17493781,0.05519891
40.60000000,0.17490280,0.17490280,0.05519460
40.61666667,0.17486782,0.17486782,0.05519031
40.63333333,0.17483287,0.17483287,0.05518602
40.65000000,0.17479795,0.17479795,0.05518173
40.66666667,0.17476306,0.17476306,0.05517745
40.68333333,0.17472820,0.17472820,0.05517318
40.70000000,0.17469337,0.17469337,0.05516891
40.71666667,0.17465857,0.17465857,0.05516465
40.73333333,0.17462380,0.17462380,0.05516040
40.75000000,0.17458906,0.17458906,0.05515615
40.76666667,0.17455435,0.17455435,0.05515190
40.78333333,0.17451967,0.17451967,0.05514766
40.80000000,0.17448502,0.17448502,0.05514343
40.81666667,0.17445040,0.17445040,0.05513920
40.83333333,0.17441580,0.17441580,0.05513498
40.85000000,0.17438124,0.17438124,0.05513076
40.86666667,0.17434671,0.17434671,0.05512655
40.88333333,0.17431220,0.17431220,0.05512235
40.90000000,0.17427773,0.17427773,0.05511815
40.91666667,0.17424328,0.17424328,0.05511396
40.93333333,0.17420887,0.17420887,0.05510977
40.95000000,0.17417448,0.17417448,0.05510559
40.96666667,0.17414012,0.17414012,0.05510141
40.98333333,0.17410580,0.17410580,0.05509724
41.00000000,0.17407150,0.17407150,0.05509308
41.01666667,0.17403723,0.17403723,0.05508892
41.03333333,0.17400299,0.17400299,0.05508476
41.05000000,0.17396878,0.17396878,0.05508061
41.06666667,0.17393459,0.17393459,0.05507647
41.08333333,0.17390044,0.17390044,0.05507233
41.10000000,0.17386631,0.17386631,0.05506820
41.11666667,0.17383222,0.17383222,0.05506407
41.13333333,0.17379815,0.17379815,0.05505995
41.15000000,0.17376411,0.17376411,0.05505584
41.16666667,0.17373010,0.17373010,0.05505173
41.18333333,0.17369612,0.17369612,0.05504762
41.20000000,0.17366217,0.17366217,0.05504352
41.21666667,0.17362825,0.17362825,0.05503943
41.23333333,0.17359435,0.17359435,0.05503534
41.25000000,0.17356049,0.17356049,0.05503126
41.26666667,0.17352665,0.17352665,0.05502718
41.28333333,0.17349284,0.17349284,0.05502311
41.30000000,0.17345906,0.17345906,0.05501904
41.31666667,0.17342531,0.17342531,0.05501498
41.33333333,0.17339158,0.17339158,0.05501093
41.35000000,0.17335789,0.17335789,0.05500688
41.36666667,0.17332422,0.17332422,0.05500283
41.38333333,0.17329058,0.17329058,0.05499879
41.40000000,0.17325697,0.17325697,0.05499476
41.41666667,0.17322339,0.17322339,0.05499073
41.43333333,0.17318983,0.17318983,0.05498671
41.45000000,0.17315630,0.17315630,0.05498269
41.46666667,0.17312281,0.17312281,0.05497867
41.48333333,0.17308934,0.17308934,0.05497467
41.50000000,0.17305589,0.17305589,0.05497066
41.51666667,0.17302248,0.17302248,0.05496667
41.53333333,0.17298909,0.17298909,0.05496267
41.55000000,0.17295573,0.17295573,0.05495869
41.56666667,0.17292240,0.17292240,0.05495471
41.58333333,0.17288910,0.17288910,0.05495073
41.60000000,0.17285582,0.17285582,0.05494676
41.61666667,0.17282258,0.17282258,0.05494279
41.63333333,0.17278936,0.17278936,0.05493883
41.65000000,0.17275616,0.17275616,0.05493488
41.66666667,0.17272300,0.17272300,0.05493093
41.68333333,0.17268986,0.17268986,0.05492698
41.70000000,0.17265675,0.17265675,0.05492304
41.71666667,0.17262367,0.17262367,0.05491911
41.73333333,0.17259062,0.17259062,0.05491518
41.75000000,0.17255759,0.17255759,0.05491125
41.76666667,0.17252459,0.17252459,0.05490734
41.78333333,0.17249162,0.17249162,0.05490342
41.80000000,0.17245867,0.17245867,0.05489951
41.81666667,0.17242575,0.17242575,0.05489561
41.83333333,0.17239286,0.17239286,0.05489171
41.85000000,0.17236000,0.17236000,0.05488782
41.86666667,0.17232716,0.17232716,0.05488393
41.88333333,0.17229435,0.17229435,0.05488004
41.90000000,0.17226157,0.17226157,0.05487617
41.91666667,0.17222882,0.17222882,0.05487229
41.93333333,0.17219609,0.17219609,0.05486842
41.95000000,0.17216339,0.17216339,0.05486456
41.96666667,0.17213072,0.17213072,0.05486070
41.98333333,0.17209807,0.17209807,0.05485685
42.00000000,0.17206545,0.17206545,0.05485300
42.01666667,0.17203285,0.17203285,0.05484916
42.03333333,0.17200029,0.17200029,0.05484532
42.05000000,0.17196775,0.17196775,0.05484149
42.06666667,0.17193524,0.17193524,0.05483766
42.08333333,0.17190275,0.17190275,0.05483383
42.10000000,0.17187029,0.17187029,0.05483002
42.11666667,0.17183786,0.17183786,0.05482620
42.13333333,0.17180545,0.17180545,0.05482239
42.15000000,0.17177307,0.17177307,0.05481859
42.16666667,0.17174072,0.17174072,0.05481479
42.18333333,0.17170839,0.17170839,0.05481100
42.20000000,0.17167609,0.17167609,0.05480721
42.21666667,0.17164382,0.17164382,0.05480343
42.23333333,0.17161157,0.17161157,0.05479965
42.25000000,0.17157935,0.17157935,0.05479587
42.26666667,0.17154715,0.17154715,0.05479210
42.28333333,0.17151498,0.17151498,0.05478834
42.30000000,0.17148284,0.17148284,0.05478458
42.31666667,0.17145072,0.17145072,0.05478082
42.33333333,0.17141863,0.17141863,0.05477707
42.35000000,0.17138657,0.17138657,0.05477333
42.36666667,0.17135453,0.17135453,0.05476959
42.38333333,0.17132252,0.17132252,0.05476585
42.40000000,0.17129054,0.17129054,0.05476212
42.41666667,0.17125858,0.17125858,0.05475840
42.43333333,0.17122664,0.17122664,0.05475467
42.45000000,0.17119473,0.17119473,0.05475096
42.46666667,0.17116285,0.17116285,0.05474725
42.48333333,0.17113100,0.17113100,0.05474354
42.50000000,0.17109917,0.17109917,0.05473984
42.51666667,0.17106736,0.17106736,0.05473614
42.53333333,0.17103558,0.17103558,0.05473245
42.55000000,0.17100383,0.17100383,0.05472876
42.56666667,0.17097210,0.17097210,0.05472508
42.58333333,0.17094040,0.17094040,0.05472140
42.60000000,0.17090873,0.17090873,0.05471772
42.61666667,0.17087708,0.17087708,0.05471405
42.63333333,0.17084545,0.17084545,0.05471039
42.65000000,0.17081385,0.17081385,0.05470673
42.66666667,0.17078228,0.17078228,0.05470308
42.68333333,0.17075073,0.17075073,0.05469943
42.70000000,0.17071921,0.17071921,0.05469578
42.71666667,0.17068771,0.17068771,0.05469214
42.73333333,0.17065624,0.17065624,0.05468850
42.75000000,0.17062479,0.17062479,0.05468487
42.76666667,0.17059337,0.17059337,0.05468124
42.78333333,0.17056197,0.17056197,0.05467762
42.80000000,0.17053060,0.17053060,0.05467400
42.81666667,0.17049926,0.17049926,0.05467039
42.83333333,0.17046794,0.17046794,0.05466678
42.85000000,0.17043664,0.17043664,0.05466318
42.86666667,0.17040537,0.17040537,0.05465958
42.88333333,0.17037413,0.17037413,0.05465598
42.90000000,0.17034291,0.17034291,0.05465239
42.91666667,0.17031171,0.17031171,0.05464880
42.93333333,0.17028054,0.17028054,0.05464522
42.95000000,0.17024939,0.17024939,0.05464164
42.96666667,0.17021827,0.17021827,0.05463807
42.98333333,0.17018718,0.17018718,0.05463450
43.00000000,0.17015611,0.17015611,0.05463094
43.01666667,0.17012506,0.17012506,0.05462738
43.03333333,0.17009404,0.17009404,0.05462383
43.05000000,0.17006304,0.17006304,0.05462028
43.06666667,0.17003207,0.17003207,0.05461673
43.08333333,0.17000113,0.17000113,0.05461319
43.10000000,0.16997020,0.16997020,0.05460965
43.11666667,0.16993931,0.16993931,0.05460612
43.13333333,0.16990843,0.16990843,0.05460259
43.15000000,0.16987758,0.16987758,0.05459907
43.16666667,0.16984676,0.16984676,0.05459555
43.18333333,0.16981596,0.16981596,0.05459204
43.20000000,0.16978518,0.16978518,0.05458853
43.21666667,0.16975443,0.16975443,0.05458502
43.23333333,0.16972371,0.16972371,0.05458152
43.25000000,0.16969301,0.16969301,0.05457802
43.26666667,0.16966233,0.16966233,0.05457453
43.28333333,0.16963167,0.16963167,0.05457104
43.30000000,0.16960105,0.16960105,0.05456756
43.31666667,0.16957044,0.16957044,0.05456408
43.33333333,0.16953986,0.16953986,0.05456060
43.35000000,0.16950930,0.16950930,0.05455713
43.36666667,0.16947877,0.16947877,0.05455367
43.38333333,0.16944826,0.16944826,0.05455021
43.40000000,0.16941778,0.16941778,0.05454675
43.41666667,0.16938732,0.16938732,0.05454329
43.43333333,0.16935688,0.16935688,0.05453985
43.45000000,0.16932647,0.16932647,0.05453640
43.46666667,0.16929608,0.16929608,0.05453296
43.48333333,0.16926572,0.16926572,0.05452952
43.50000000,0.16923538,0.16923538,0.05452609
43.51666667,0.16920506,0.16920506,0.05452266
43.53333333,0.16917477,0.16917477,0.05451924
43.55000000,0.16914450,0.16914450,0.05451582
43.56666667,0.16911425,0.16911425,0.05451241
43.58333333,0.16908403,0.16908403,0.05450900
43.60000000,0.16905384,0.16905384,0.05450559
43.61666667,0.16902366,0.16902366,0.05450219
43.63333333,0.16899351,0.16899351,0.05449879
43.65000000,0.16896338,0.16896338,0.05449540
43.66666667,0.16893328,0.16893328,0.05449201
43.68333333,0.16890320,0.16890320,0.05448862
43.70000000,0.16887315,0.16887315,0.05448524
43.71666667,0.16884311,0.16884311,0.05448186
43.73333333,0.16881310,0.16881310,0.05447849
43.75000000,0.16878312,0.16878312,0.05447512
43.76666667,0.16875316,0.16875316,0.05447176
43.78333333,0.16872322,0.16872322,0.05446840
43.80000000,0.16869330,0.16869330,0.05446504
43.81666667,0.16866341,0.16866341,0.05446169
43.83333333,0.16863354,0.16863354,0.05445834
43.85000000,0.16860370,0.16860370,0.05445500
43.86666667,0.16857387,0.16857387,0.05445166
43.88333333,0.16854408,0.16854408,0.05444832
43.90000000,0.16851430,0.16851430,0.05444499
43.91666667,0.16848455,0.16848455,0.05444166
43.93333333,0.16845482,0.16845482,0.05443834
43.95000000,0.16842511,0.16842511,0.05443502
43.96666667,0.16839543,0.16839543,0.05443171
43.98333333,0.16836577,0.16836577,0.05442840
44.00000000,0.16833613,0.16833613,0.05442509
44.01666667,0.16830652,0.16830652,0.05442179
44.03333333,0.16827692,0.16827692,0.05441849
44.05000000,0.16824736,0.16824736,0.05441519
44.06666667,0.16821781,0.16821781,0.05441190
44.08333333,0.16818829,0.16818829,0.05440861
44.10000000,0.16815879,0.16815879,0.05440533
44.11666667,0.16812931,0.16812931,0.05440205
44.13333333,0.16809986,0.16809986,0.05439878
44.15000000,0.16807042,0.16807042,0.05439551
44.16666667,0.16804101,0.16804101,0.05439224
44.18333333,0.16801163,0.16801163,0.05438898
44.20000000,0.16798226,0.16798226,0.05438572
44.21666667,0.16795292,0.16795292,0.05438247
44.23333333,0.16792361,0.16792361,0.05437921
44.25000000,0.16789431,0.16789431,0.05437597
44.26666667,0.16786504,0.16786504,0.05437272
44.28333333,0.16783579,0.16783579,0.05436949
44.30000000,0.16780656,0.16780656,0.05436625
44.31666667,0.16777735,0.16777735,0.05436302
44.33333333,0.16774817,0.16774817,0.05435979
44.35000000,0.16771901,0.16771901,0.05435657
44.36666667,0.16768987,0.16768987,0.05435335
44.38333333,0.16766075,0.16766075,0.05435014
44.40000000,0.16763166,0.16763166,0.05434692
44.41666667,0.16760259,0.16760259,0.05434372
44.43333333,0.16757354,0.16757354,0.05434051
44.45000000,0.16754451,0.16754451,0.05433731
44.46666667,0.16751551,0.16751551,0.05433412
44.48333333,0.16748652,0.16748652,0.05433093
44.50000000,0.16745756,0.16745756,0.05432774
44.51666667,0.16742862,0.16742862,0.05432455
44.53333333,0.16739971,0.16739971,0.05432137
44.55000000,0.16737081,0.16737081,0.05431820
44.56666667,0.16734194,0.16734194,0.05431502
44.58333333,0.16731309,0.16731309,0.05431185
44.60000000,0.16728426,0.16728426,0.05430869
44.61666667,0.16725546,0.16725546,0.05430553
44.63333333,0.16722667,0.16722667,0.05430237
44.65000000,0.16719791,0.16719791,0.05429922
44.66666667,0.16716917,0.16716917,0.05429607
44.68333333,0.16714045,0.16714045,0.05429292
44.70000000,0.16711175,0.16711175,0.05428978
44.71666667,0.16708308,0.16708308,0.05428664
44.73333333,0.16705442,0.16705442,0.05428351
44.75000000,0.16702579,0.16702579,0.05428038
44.76666667,0.16699718,0.16699718,0.05427725
44.78333333,0.16696860,0.16696860,0.05427412
44.80000000,0.16694003,0.16694003,0.05427101
44.81666667,0.16691148,0.16691148,0.05426789
44.83333333,0.16688296,0.16688296,0.05426478
44.85000000,0.16685446,0.16685446,0.05426167
44.86666667,0.16682598,0.16682598,0.05425856
44.88333333,0.16679752,0.16679752,0.05425546
44.90000000,0.16676908,0.16676908,0.05425237
44.91666667,0.16674067,0.16674067,0.05424927
44.93333333,0.16671227,0.16671227,0.05424618
44.95000000,0.16668390,0.16668390,0.05424310
44.96666667,0.16665555,0.16665555,0.05424001
44.98333333,0.16662722,0.16662722,0.05423694
45.00000000,0.16659891,0.16659891,0.05423386
45.01666667,0.16657062,0.16657062,0.05423079
45.03333333,0.16654236,0.16654236,0.05422772
45.05000000,0.16651411,0.16651411,0.05422466
45.06666667,0.16648589,0.16648589,0.05422160
45.08333333,0.16645769,0.16645769,0.05421854
45.10000000,0.16642951,0.16642951,0.05421549
45.11666667,0.16640135,0.16640135,0.05421244
45.13333333,0.16637321,0.16637321,0.05420939
45.15000000,0.16634509,0.16634509,0.05420635
45.16666667,0.16631699,0.16631699,0.05420331
45.18333333,0.16628892,0.16628892,0.05420028
45.20000000,0.16626086,0.16626086,0.05419724
45.21666667,0.16623283,0.16623283,0.05419422
45.23333333,0.16620482,0.16620482,0.05419119
45.25000000,0.16617683,0.16617683,0.05418817
45.26666667,0.16614886,0.16614886,0.05418515
45.28333333,0.16612091,0.16612091,0.05418214
45.30000000,0.16609298,0.16609298,0.05417913
45.31666667,0.16606507,0.16606507,0.05417612
45.33333333,0.16603718,0.16603718,0.05417312
45.35000000,0.16600932,0.16600932,0.05417012
45.36666667,0.16598147,0.16598147,0.05416713
45.38333333,0.16595365,0.16595365,0.05416413
45.40000000,0.16592584,0.16592584,0.05416115
45.41666667,0.16589806,0.16589806,0.05415816
45.43333333,0.16587030,0.16587030,0.05415518
45.45000000,0.16584256,0.16584256,0.05415220
45.46666667,0.16581483,0.16581483,0.05414923
45.48333333,0.16578713,0.16578713,0.05414626
45.50000000,0.16575945,0.16575945,0.05414329
45.51666667,0.16573179,0.16573179,0.05414032
45.53333333,0.16570415,0.16570415,0.05413736
45.55000000,0.16567654,0.16567654,0.05413441
45.56666667,0.16564894,0.16564894,0.05413145
45.58333333,0.16562136,0.16562136,0.05412850
45.60000000,0.16559380,0.16559380,0.05412556
45.61666667,0.16556627,0.16556627,0.05412261
45.63333333,0.16553875,0.16553875,0.05411967
45.65000000,0.16551125,0.16551125,0.05411674
45.66666667,0.16548378,0.16548378,0.05411381
45.68333333,0.16545632,0.16545632,0.05411088
45.70000000,0.16542889,0.16542889,0.05410795
45.71666667,0.16540147,0.16540147,0.05410503
45.73333333,0.16537408,0.16537408,0.05410211
45.75000000,0.16534670,0.16534670,0.05409919
45.76666667,0.16531935,0.16531935,0.05409628
45.78333333,0.16529202,0.16529202,0.05409337
45.80000000,0.16526470,0.16526470,0.05409047
45.81666667,0.16523741,0.16523741,0.05408756
45.83333333,0.16521013,0.16521013,0.05408467
45.85000000,0.16518288,0.16518288,0.05408177
45.86666667,0.16515565,0.16515565,0.05407888
45.88333333,0.16512843,0.16512843,0.05407599
45.90000000,0.16510124,0.16510124,0.05407310
45.91666667,0.16507407,0.16507407,0.05407022
45.93333333,0.16504691,0.16504691,0.05406734
45.95000000,0.16501978,0.16501978,0.05406447
45.96666667,0.16499267,0.16499267,0.05406160
45.98333333,0.16496557,0.16496557,0.05405873
46.00000000,0.16493850,0.16493850,0.05405586
46.01666667,0.16491144,0.16491144,0.05405300
46.03333333,0.16488441,0.16488441,0.05405014
46.05000000,0.16485739,0.16485739,0.05404729
46.06666667,0.16483040,0.16483040,0.05404444
46.08333333,0.16480342,0.16480342,0.05404159
46.10000000,0.16477647,0.16477647,0.05403874
46.11666667,0.16474953,0.16474953,0.05403590
46.13333333,0.16472262,0.16472262,0.05403306
46.15000000,0.16469572,0.16469572,0.05403023
46.16666667,0.16466884,0.16466884,0.05402740
46.18333333,0.16464199,0.16464199,0.05402457
46.20000000,0.16461515,0.16461515,0.05402174
46.21666667,0.16458833,0.16458833,0.05401892
46.23333333,0.16456153,0.16456153,0.05401610
46.25000000,0.16453475,0.16453475,0.05401329
46.26666667,0.16450799,0.16450799,0.05401047
46.28333333,0.16448125,0.16448125,0.05400766
46.30000000,0.16445453,0.16445453,0.05400486
46.31666667,0.16442783,0.16442783,0.05400206
46.33333333,0.16440115,0.16440115,0.05399926
46.35000000,0.16437449,0.16437449,0.05399646
46.36666667,0.16434784,0.16434784,0.05399367
46.38333333,0.16432122,0.16432122,0.05399088
46.40000000,0.16429461,0.16429461,0.05398809
46.41666667,0.16426803,0.16426803,0.05398531
46.43333333,0.16424146,0.16424146,0.05398253
46.45000000,0.16421492,0.16421492,0.05397975
46.46666667,0.16418839,0.16418839,0.05397698
46.48333333,0.16416188,0.16416188,0.05397421
46.50000000,0.16413539,0.16413539,0.05397144
46.51666667,0.16410892,0.16410892,0.05396867
46.53333333,0.16408247,0.16408247,0.05396591
46.55000000,0.16405604,0.16405604,0.05396316
46.56666667,0.16402962,0.16402962,0.05396040
46.58333333,0.16400323,0.16400323,0.05395765
46.60000000,0.16397685,0.16397685,0.05395490
46.61666667,0.16395050,0.16395050,0.05395216
46.63333333,0.16392416,0.16392416,0.05394941
46.65000000,0.16389784,0.16389784,0.05394667
46.66666667,0.16387155,0.16387155,0.05394394
46.68333333,0.16384526,0.16384526,0.05394121
46.70000000,0.16381900,0.16381900,0.05393848
46.71666667,0.16379276,0.16379276,0.05393575
46.73333333,0.16376654,0.16376654,0.05393303
46.75000000,0.16374033,0.16374033,0.05393031
46.76666667,0.16371415,0.16371415,0.05392759
46.78333333,0.16368798,0.16368798,0.05392488
46.80000000,0.16366183,0.16366183,0.05392216
46.81666667,0.16363570,0.16363570,0.05391946
46.83333333,0.16360959,0.16360959,0.05391675
46.85000000,0.16358350,0.16358350,0.05391405
46.86666667,0.16355743,0.16355743,0.05391135
46.88333333,0.16353137,0.16353137,0.05390866
46.90000000,0.16350533,0.16350533,0.05390596
46.91666667,0.16347932,0.16347932,0.05390327
46.93333333,0.16345332,0.16345332,0.05390059
46.95000000,0.16342734,0.16342734,0.05389790
46.96666667,0.16340137,0.16340137,0.05389522
46.98333333,0.16337543,0.16337543,0.05389255
47.00000000,0.16334951,0.16334951,0.05388987
47.01666667,0.16332360,0.16332360,0.05388720
47.03333333,0.16329771,0.16329771,0.05388453
47.05000000,0.16327184,0.16327184,0.05388187
47.06666667,0.16324599,0.16324599,0.05387921
47.08333333,0.16322016,0.16322016,0.05387655
47.10000000,0.16319434,0.16319434,0.05387389
47.11666667,0.16316855,0.16316855,0.05387124
47.13333333,0.16314277,0.16314277,0.05386859
47.15000000,0.16311701,0.16311701,0.05386594
47.16666667,0.16309127,0.16309127,0.05386330
47.18333333,0.16306555,0.16306555,0.05386065
47.20000000,0.16303984,0.16303984,0.05385802
47.21666667,0.16301415,0.16301415,0.05385538
47.23333333,0.16298849,0.16298849,0.05385275
47.25000000,0.16296284,0.16296284,0.05385012
47.26666667,0.16293720,0.16293720,0.05384749
47.28333333,0.16291159,0.16291159,0.05384487
47.30000000,0.16288599,0.16288599,0.05384225
47.31666667,0.16286042,0.16286042,0.05383963
47.33333333,0.16283486,0.16283486,0.05383702
47.35000000,0.16280932,0.16280932,0.05383441
47.36666667,0.16278379,0.16278379,0.05383180
47.38333333,0.16275829,0.16275829,0.05382919
47.40000000,0.16273280,0.16273280,0.05382659
47.41666667,0.16270733,0.16270733,0.05382399
47.43333333,0.16268188,0.16268188,0.05382139
47.45000000,0.16265644,0.16265644,0.05381880
47.46666667,0.16263103,0.16263103,0.05381621
47.48333333,0.16260563,0.16260563,0.05381362
47.50000000,0.16258025,0.16258025,0.05381103
47.51666667,0.16255489,0.16255489,0.05380845
47.53333333,0.16252954,0.16252954,0.05380587
47.55000000,0.16250422,0.16250422,0.05380329
47.56666667,0.16247891,0.16247891,0.05380072
47.58333333,0.16245362,0.16245362,0.05379815
47.60000000,0.16242834,0.16242834,0.05379558
47.61666667,0.16240309,0.16240309,0.05379302
47.63333333,0.16237785,0.16237785,0.05379045
47.65000000,0.16235263,0.16235263,0.05378789
47.66666667,0.16232743,0.16232743,0.05378534
47.68333333,0.16230224,0.16230224,0.05378278
47.70000000,0.16227708,0.16227708,0.05378023
47.71666667,0.16225193,0.16225193,0.05377768
47.73333333,0.16222679,0.16222679,0.05377514
47.75000000,0.16220168,0.16220168,0.05377260
47.76666667,0.16217658,0.16217658,0.05377006
47.78333333,0.16215150,0.16215150,0.05376752
47.80000000,0.16212644,0.16212644,0.05376499
47.81666667,0.16210140,0.16210140,0.05376245
47.83333333,0.16207637,0.16207637,0.05375993
47.85000000,0.16205136,0.16205136,0.05375740
47.86666667,0.16202637,0.16202637,0.05375488
47.88333333,0.16200139,0.16200139,0.05375236
47.90000000,0.16197644,0.16197644,0.05374984
47.91666667,0.16195150,0.16195150,0.05374733
47.93333333,0.16192657,0.16192657,0.05374481
47.95000000,0.16190167,0.16190167,0.05374231
47.96666667,0.16187678,0.16187678,0.05373980
47.98333333,0.16185191,0.16185191,0.05373730
48.00000000,0.16182706,0.16182706,0.05373480
48.01666667,0.16180222,0.16180222,0.05373230
48.03333333,0.16177740,0.16177740,0.05372980
48.05000000,0.16175260,0.16175260,0.05372731
48.06666667,0.16172781,0.16172781,0.05372482
48.08333333,0.16170305,0.16170305,0.05372233
48.10000000,0.16167830,0.16167830,0.05371985
48.11666667,0.16165356,0.16165356,0.05371737
48.13333333,0.16162885,0.16162885,0.05371489
48.15000000,0.16160415,0.16160415,0.05371241
48.16666667,0.16157947,0.16157947,0.05370994
48.18333333,0.16155480,0.16155480,0.05370747
48.20000000,0.16153015,0.16153015,0.05370500
48.21666667,0.16150552,0.16150552,0.05370254
48.23333333,0.16148091,0.16148091,0.05370008
48.25000000,0.16145631,0.16145631,0.05369762
48.26666667,0.16143173,0.16143173,0.05369516
48.28333333,0.16140717,0.16140717,0.05369271
48.30000000,0.16138262,0.16138262,0.05369025
48.31666667,0.16135809,0.16135809,0.05368781
48.33333333,0.16133358,0.16133358,0.05368536
48.35000000,0.16130909,0.16130909,0.05368292
48.36666667,0.16128461,0.16128461,0.05368048
48.38333333,0.16126015,0.16126015,0.05367804
48.40000000,0.16123570,0.16123570,0.05367560
48.41666667,0.16121127,0.16121127,0.05367317
48.43333333,0.16118686,0.16118686,0.05367074
48.45000000,0.16116247,0.16116247,0.05366831
48.46666667,0.16113809,0.16113809,0.05366589
48.48333333,0.16111373,0.16111373,0.05366346
48.50000000,0.16108938,0.16108938,0.05366105
48.51666667,0.16106506,0.16106506,0.05365863
48.53333333,0.16104074,0.16104074,0.05365621
48.55000000,0.16101645,0.16101645,0.05365380
48.56666667,0.16099217,0.16099217,0.05365139
48.58333333,0.16096791,0.16096791,0.05364899
48.60000000,0.16094367,0.16094367,0.05364658
48.61666667,0.16091944,0.16091944,0.05364418
48.63333333,0.16089523,0.16089523,0.05364178
48.65000000,0.16087103,0.16087103,0.05363939
48.66666667,0.16084685,0.16084685,0.05363699
48.68333333,0.16082269,0.16082269,0.05363460
48.70000000,0.16079854,0.16079854,0.05363222
48.71666667,0.16077441,0.16077441,0.05362983
48.73333333,0.16075030,0.16075030,0.05362745
48.75000000,0.16072621,0.16072621,0.05362507
48.76666667,0.16070213,0.16070213,0.05362269
48.78333333,0.16067806,0.16067806,0.05362031
48.80000000,0.16065401,0.16065401,0.05361794
48.81666667,0.16062998,0.16062998,0.05361557
48.83333333,0.16060597,0.16060597,0.05361320
48.85000000,0.16058197,0.16058197,0.05361084
48.86666667,0.16055799,0.16055799,0.05360848
48.88333333,0.16053402,0.16053402,0.05360612
48.90000000,0.16051007,0.16051007,0.05360376
48.91666667,0.16048614,0.16048614,0.05360141
48.93333333,0.16046222,0.16046222,0.05359905
48.95000000,0.16043832,0.16043832,0.05359670
48.96666667,0.16041444,0.16041444,0.05359436
48.98333333,0.16039057,0.16039057,0.05359201
49.00000000,0.16036672,0.16036672,0.05358967
49.01666667,0.16034288,0.16034288,0.05358733
49.03333333,0.16031906,0.16031906,0.05358499
49.05000000,0.16029525,0.16029525,0.05358266
49.06666667,0.16027147,0.16027147,0.05358033
49.08333333,0.16024769,0.16024769,0.05357800
49.10000000,0.16022394,0.16022394,0.05357567
49.11666667,0.16020020,0.16020020,0.05357335
49.13333333,0.16017647,0.16017647,0.05357102
49.15000000,0.16015277,0.16015277,0.05356871
49.16666667,0.16012907,0.16012907,0.05356639
49.18333333,0.16010540,0.16010540,0.05356407
49.20000000,0.16008174,0.16008174,0.05356176
49.21666667,0.16005809,0.16005809,0.05355945
49.23333333,0.16003447,0.16003447,0.05355715
49.25000000,0.16001085,0.16001085,0.05355484
49.26666667,0.15998726,0.15998726,0.05355254
49.28333333,0.15996368,0.15996368,0.05355024
49.30000000,0.15994011,0.15994011,0.05354794
49.31666667,0.15991656,0.15991656,0.05354565
49.33333333,0.15989303,0.15989303,0.05354335
49.35000000,0.15986951,0.15986951,0.05354106
49.36666667,0.15984601,0.15984601,0.05353878
49.38333333,0.15982252,0.15982252,0.05353649
49.40000000,0.15979905,0.15979905,0.05353421
49.41666667,0.15977560,0.15977560,0.05353193
49.43333333,0.15975216,0.15975216,0.05352965
49.45000000,0.15972874,0.15972874,0.05352738
49.46666667,0.15970533,0.15970533,0.05352510
49.48333333,0.15968194,0.15968194,0.05352283
49.50000000,0.15965856,0.15965856,0.05352057
49.51666667,0.15963520,0.15963520,0.05351830
49.53333333,0.15961185,0.15961185,0.05351604
49.55000000,0.15958852,0.15958852,0.05351378
49.56666667,0.15956521,0.15956521,0.05351152
49.58333333,0.15954191,0.15954191,0.05350926
49.60000000,0.15951863,0.15951863,0.05350701
49.61666667,0.15949536,0.15949536,0.05350476
49.63333333,0.15947211,0.15947211,0.05350251
49.65000000,0.15944887,0.15944887,0.05350026
49.66666667,0.15942565,0.15942565,0.05349802
49.68333333,0.15940244,0.15940244,0.05349578
49.70000000,0.15937925,0.15937925,0.05349354
49.71666667,0.15935608,0.15935608,0.05349130
49.73333333,0.15933292,0.15933292,0.05348907
49.75000000,0.15930978,0.15930978,0.05348684
49.76666667,0.15928665,0.15928665,0.05348461
49.78333333,0.15926353,0.15926353,0.05348238
49.80000000,0.15924043,0.15924043,0.05348015
49.81666667,0.15921735,0.15921735,0.05347793
49.83333333,0.15919428,0.15919428,0.05347571
49.85000000,0.15917123,0.15917123,0.05347349
49.86666667,0.15914819,0.15914819,0.05347128
49.88333333,0.15912517,0.15912517,0.05346906
49.90000000,0.15910217,0.15910217,0.05346685
49.91666667,0.15907917,0.15907917,0.05346464
49.93333333,0.15905620,0.15905620,0.05346244
49.95000000,0.15903324,0.15903324,0.05346023
49.96666667,0.15901029,0.15901029,0.05345803
49.98333333,0.15898736,0.15898736,0.05345583
50.00000000,0.15896444,0.15896444,0.05345364
50.01666667,0.15894154,0.15894154,0.05345144
50.03333333,0.15891866,0.15891866,0.05344925
50.05000000,0.15889579,0.15889579,0.05344706
50.06666667,0.15887293,0.15887293,0.05344487
50.08333333,0.15885009,0.15885009,0.05344268
50.10000000,0.15882727,0.15882727,0.05344050
50.11666667,0.15880446,0.15880446,0.05343832
50.13333333,0.15878166,0.15878166,0.05343614
50.15000000,0.15875888,0.15875888,0.05343397
50.16666667,0.15873611,0.15873611,0.05343179
50.18333333,0.15871336,0.15871336,0.05342962
50.20000000,0.15869063,0.15869063,0.05342745
50.21666667,0.15866791,0.15866791,0.05342528
50.23333333,0.15864520,0.15864520,0.05342312
50.25000000,0.15862251,0.15862251,0.05342096
50.26666667,0.15859983,0.15859983,0.05341879
50.28333333,0.15857717,0.15857717,0.05341664
50.30000000,0.15855453,0.15855453,0.05341448
50.31666667,0.15853190,0.15853190,0.05341233
50.33333333,0.15850928,0.15850928,0.05341018
50.35000000,0.15848668,0.15848668,0.05340803
50.36666667,0.15846409,0.15846409,0.05340588
50.38333333,0.15844152,0.15844152,0.05340373
50.40000000,0.15841896,0.15841896,0.05340159
50.41666667,0.15839642,0.15839642,0.05339945
50.43333333,0.15837389,0.15837389,0.05339731
50.45000000,0.15835137,0.15835137,0.05339518
50.46666667,0.15832887,0.15832887,0.05339304
50.48333333,0.15830639,0.15830639,0.05339091
50.50000000,0.15828392,0.15828392,0.05338878
50.51666667,0.15826147,0.15826147,0.05338666
50.53333333,0.15823902,0.15823902,0.05338453
50.55000000,0.15821660,0.15821660,0.05338241
50.56666667,0.15819419,0.15819419,0.05338029
50.58333333,0.15817179,0.15817179,0.05337817
50.60000000,0.15814941,0.15814941,0.05337606
50.61666667,0.15812704,0.15812704,0.05337394
50.63333333,0.15810469,0.15810469,0.05337183
50.65000000,0.15808235,0.15808235,0.05336972
50.66666667,0.15806002,0.15806002,0.05336761
50.68333333,0.15803771,0.15803771,0.05336551
50.70000000,0.15801542,0.15801542,0.05336341
50.71666667,0.15799314,0.15799314,0.05336130
50.73333333,0.15797087,0.15797087,0.05335921
50.75000000,0.15794862,0.15794862,0.05335711
50.76666667,0.15792638,0.15792638,0.05335502
50.78333333,0.15790416,0.15790416,0.05335292
50.80000000,0.15788195,0.15788195,0.05335083
50.81666667,0.15785976,0.15785976,0.05334875
50.83333333,0.15783757,0.15783757,0.05334666
50.85000000,0.15781541,0.15781541,0.05334458
50.86666667,0.15779326,0.15779326,0.05334250
50.88333333,0.15777112,0.15777112,0.05334042
50.90000000,0.15774900,0.15774900,0.05333834
50.91666667,0.15772689,0.15772689,0.05333627
50.93333333,0.15770479,0.15770479,0.05333419
50.95000000,0.15768271,0.15768271,0.05333212
50.96666667,0.15766065,0.15766065,0.05333005
50.98333333,0.15763859,0.15763859,0.05332799
51.00000000,0.15761656,0.15761656,0.05332592
51.01666667,0.15759453,0.15759453,0.05332386
51.03333333,0.15757252,0.15757252,0.05332180
51.05000000,0.15755053,0.15755053,0.05331974
51.06666667,0.15752855,0.15752855,0.05331769
51.08333333,0.15750658,0.15750658,0.05331563
51.10000000,0.15748463,0.15748463,0.05331358
51.11666667,0.15746269,0.15746269,0.05331153
51.13333333,0.15744076,0.15744076,0.05330949
51.15000000,0.15741885,0.15741885,0.05330744
51.16666667,0.15739696,0.15739696,0.05330540
51.18333333,0.15737507,0.15737507,0.05330336
51.20000000,0.15735320,0.15735320,0.05330132
51.21666667,0.15733135,0.15733135,0.05329928
51.23333333,0.15730951,0.15730951,0.05329725
51.25000000,0.15728768,0.15728768,0.05329521
51.26666667,0.15726587,0.15726587,0.05329318
51.28333333,0.15724407,0.15724407,0.05329115
51.30000000,0.15722228,0.15722228,0.05328913
51.31666667,0.15720051,0.15720051,0.05328710
51.33333333,0.15717875,0.15717875,0.05328508
51.35000000,0.15715701,0.15715701,0.05328306
51.36666667,0.15713528,0.15713528,0.05328104
51.38333333,0.15711357,0.15711357,0.05327903
51.40000000,0.15709186,0.15709186,0.05327701
51.41666667,0.15707018,0.15707018,0.05327500
51.43333333,0.15704850,0.15704850,0.05327299
51.45000000,0.15702684,0.15702684,0.05327098
51.46666667,0.15700519,0.15700519,0.05326898
51.48333333,0.15698356,0.15698356,0.05326697
51.50000000,0.15696194,0.15696194,0.05326497
51.51666667,0.15694034,0.15694034,0.05326297
51.53333333,0.15691874,0.15691874,0.05326097
51.55000000,0.15689717,0.15689717,0.05325898
51.56666667,0.15687560,0.15687560,0.05325698
51.58333333,0.15685405,0.15685405,0.05325499
51.60000000,0.15683251,0.15683251,0.05325300
51.61666667,0.15681099,0.15681099,0.05325102
51.63333333,0.15678948,0.15678948,0.05324903
51.65000000,0.15676798,0.15676798,0.05324705
51.66666667,0.15674650,0.15674650,0.05324506
51.68333333,0.15672503,0.15672503,0.05324308
51.70000000,0.15670358,0.15670358,0.05324111
51.71666667,0.15668213,0.15668213,0.05323913
51.73333333,0.15666071,0.15666071,0.05323716
51.75000000,0.15663929,0.15663929,0.05323519
51.76666667,0.15661789,0.15661789,0.05323322
51.78333333,0.15659650,0.15659650,0.05323125
51.80000000,0.15657513,0.15657513,0.05322928
51.81666667,0.15655377,0.15655377,0.05322732
51.83333333,0.15653242,0.15653242,0.05322536
51.85000000,0.15651108,0.15651108,0.05322340
51.86666667,0.15648976,0.15648976,0.05322144
51.88333333,0.15646846,0.15646846,0.05321948
51.90000000,0.15644716,0.15644716,0.05321753
51.91666667,0.15642588,0.15642588,0.05321558
51.93333333,0.15640461,0.15640461,0.05321363
51.95000000,0.15638336,0.15638336,0.05321168
51.96666667,0.15636212,0.15636212,0.05320973
51.98333333,0.15634089,0.15634089,0.05320779
52.00000000,0.15631968,0.15631968,0.05320585
52.01666667,0.15629848,0.15629848,0.05320391
52.03333333,0.15627729,0.15627729,0.05320197
52.05000000,0.15625612,0.15625612,0.05320003
52.06666667,0.15623496,0.15623496,0.05319810
52.08333333,0.15621381,0.15621381,0.05319617
52.10000000,0.15619268,0.15619268,0.05319424
52.11666667,0.15617156,0.15617156,0.05319231
52.13333333,0.15615045,0.15615045,0.05319038
52.15000000,0.15612935,0.15612935,0.05318846
52.16666667,0.15610827,0.15610827,0.05318653
52.18333333,0.15608720,0.15608720,0.05318461
52.20000000,0.15606615,0.15606615,0.05318269
52.21666667,0.15604511,0.15604511,0.05318078
52.23333333,0.15602408,0.15602408,0.05317886
52.25000000,0.15600306,0.15600306,0.05317695
52.26666667,0.15598206,0.15598206,0.05317504
52.28333333,0.15596107,0.15596107,0.05317313
52.30000000,0.15594009,0.15594009,0.05317122
52.31666667,0.15591913,0.15591913,0.05316931
52.33333333,0.15589818,0.15589818,0.05316741
52.35000000,0.15587724,0.15587724,0.05316551
52.36666667,0.15585632,0.15585632,0.05316361
52.38333333,0.15583541,0.15583541,0.05316171
52.40000000,0.15581451,0.15581451,0.05315982
52.41666667,0.15579363,0.15579363,0.05315792
52.43333333,0.15577275,0.15577275,0.05315603
52.45000000,0.15575189,0.15575189,0.05315414
52.46666667,0.15573105,0.15573105,0.05315225
52.48333333,0.15571021,0.15571021,0.05315036
52.50000000,0.15568939,0.15568939,0.05314848
52.51666667,0.15566859,0.15566859,0.05314660
52.53333333,0.15564779,0.15564779,0.05314471
52.55000000,0.15562701,0.15562701,0.05314284
52.56666667,0.15560624,0.15560624,0.05314096
52.58333333,0.15558548,0.15558548,0.05313908
52.60000000,0.15556474,0.15556474,0.05313721
52.61666667,0.15554401,0.15554401,0.05313534
52.63333333,0.15552329,0.15552329,0.05313347
52.65000000,0.15550259,0.15550259,0.05313160
52.66666667,0.15548190,0.15548190,0.05312973
52.68333333,0.15546122,0.15546122,0.05312787
52.70000000,0.15544055,0.15544055,0.05312601
52.71666667,0.15541990,0.15541990,0.05312414
52.73333333,0.15539926,0.15539926,0.05312229
52.75000000,0.15537863,0.15537863,0.05312043
52.76666667,0.15535801,0.15535801,0.05311857
52.78333333,0.15533741,0.15533741,0.05311672
52.80000000,0.15531682,0.15531682,0.05311487
52.81666667,0.15529624,0.15529624,0.05311302
52.83333333,0.15527568,0.15527568,0.05311117
52.85000000,0.15525512,0.15525512,0.05310933
52.86666667,0.15523459,0.15523459,0.05310748
52.88333333,0.15521406,0.15521406,0.05310564
52.90000000,0.15519354,0.15519354,0.05310380
52.91666667,0.15517304,0.15517304,0.05310196
52.93333333,0.15515255,0.15515255,0.05310012
52.95000000,0.15513208,0.15513208,0.05309829
52.96666667,0.15511161,0.15511161,0.05309645
52.98333333,0.15509116,0.15509116,0.05309462
53.00000000,0.15507072,0.15507072,0.05309279
53.01666667,0.15505030,0.15505030,0.05309096
53.03333333,0.15502988,0.15502988,0.05308914
53.05000000,0.15500948,0.15500948,0.05308731
53.06666667,0.15498909,0.15498909,0.05308549
53.08333333,0.15496871,0.15496871,0.05308367
53.10000000,0.15494835,0.15494835,0.05308185
53.11666667,0.15492800,0.15492800,0.05308003
53.13333333,0.15490766,0.15490766,0.05307822
53.15000000,0.15488733,0.15488733,0.05307640
53.16666667,0.15486702,0.15486702,0.05307459
53.18333333,0.15484672,0.15484672,0.05307278
53.20000000,0.15482643,0.15482643,0.05307097
53.21666667,0.15480615,0.15480615,0.05306917
53.23333333,0.15478588,0.15478588,0.05306736
53.25000000,0.15476563,0.15476563,0.05306556
53.26666667,0.15474539,0.15474539,0.05306376
53.28333333,0.15472516,0.15472516,0.05306196
53.30000000,0.15470495,0.15470495,0.05306016
53.31666667,0.15468474,0.15468474,0.05305836
53.33333333,0.15466455,0.15466455,0.05305657
53.35000000,0.15464437,0.15464437,0.05305478
53.36666667,0.15462421,0.15462421,0.05305299
53.38333333,0.15460405,0.15460405,0.05305120
53.40000000,0.15458391,0.15458391,0.05304941
53.41666667,0.15456378,0.15456378,0.05304762
53.43333333,0.15454366,0.15454366,0.05304584
53.45000000,0.15452356,0.15452356,0.05304406
53.46666667,0.15450347,0.15450347,0.05304228
53.48333333,0.15448338,0.15448338,0.05304050
53.50000000,0.15446332,0.15446332,0.05303872
53.51666667,0.15444326,0.15444326,0.05303694
53.53333333,0.15442321,0.15442321,0.05303517
53.55000000,0.15440318,0.15440318,0.05303340
53.56666667,0.15438316,0.15438316,0.05303163
53.58333333,0.15436315,0.15436315,0.05302986
53.60000000,0.15434316,0.15434316,0.05302809
53.61666667,0.15432317,0.15432317,0.05302633
53.63333333,0.15430320,0.15430320,0.05302457
53.65000000,0.15428324,0.15428324,0.05302280
53.66666667,0.15426329,0.15426329,0.05302104
53.68333333,0.15424336,0.15424336,0.05301929
53.70000000,0.15422343,0.15422343,0.05301753
53.71666667,0.15420352,0.15420352,0.05301577
53.73333333,0.15418362,0.15418362,0.05301402
53.75000000,0.15416373,0.15416373,0.05301227
53.76666667,0.15414386,0.15414386,0.05301052
53.78333333,0.15412399,0.15412399,0.05300877
53.80000000,0.15410414,0.15410414,0.05300703
53.81666667,0.15408430,0.15408430,0.05300528
53.83333333,0.15406447,0.15406447,0.05300354
53.85000000,0.15404466,0.15404466,0.05300180
53.86666667,0.15402485,0.15402485,0.05300006
53.88333333,0.15400506,0.15400506,0.05299832
53.90000000,0.15398528,0.15398528,0.05299658
53.91666667,0.15396551,0.15396551,0.05299485
53.93333333,0.15394575,0.15394575,0.05299312
53.95000000,0.15392601,0.15392601,0.05299138
53.96666667,0.15390627,0.15390627,0.05298965
53.98333333,0.15388655,0.15388655,0.05298793
54.00000000,0.15386684,0.15386684,0.05298620
54.01666667,0.15384714,0.15384714,0.05298448
54.03333333,0.15382746,0.15382746,0.05298275
54.05000000,0.15380778,0.15380778,0.05298103
54.06666667,0.15378812,0.15378812,0.05297931
54.08333333,0.15376847,0.15376847,0.05297759
54.10000000,0.15374883,0.15374883,0.05297588
54.11666667,0.15372920,0.15372920,0.05297416
54.13333333,0.15370959,0.15370959,0.05297245
54.15000000,0.15368998,0.15368998,0.05297074
54.16666667,0.15367039,0.15367039,0.05296903
54.18333333,0.15365081,0.15365081,0.05296732
54.20000000,0.15363124,0.15363124,0.05296561
54.21666667,0.15361168,0.15361168,0.05296391
54.23333333,0.15359214,0.15359214,0.05296220
54.25000000,0.15357260,0.15357260,0.05296050
54.26666667,0.15355308,0.15355308,0.05295880
54.28333333,0.15353357,0.15353357,0.05295710
54.30000000,0.15351407,0.15351407,0.05295541
54.31666667,0.15349458,0.15349458,0.05295371
54.33333333,0.15347511,0.15347511,0.05295202
54.35000000,0.15345564,0.15345564,0.05295033
54.36666667,0.15343619,0.15343619,0.05294864
54.38333333,0.15341675,0.15341675,0.05294695
54.40000000,0.15339732,0.15339732,0.05294526
54.41666667,0.15337790,0.15337790,0.05294357
54.43333333,0.15335849,0.15335849,0.05294189
54.45000000,0.15333910,0.15333910,0.05294021
54.46666667,0.15331972,0.15331972,0.05293853
54.48333333,0.15330034,0.15330034,0.05293685
54.50000000,0.15328098,0.15328098,0.05293517
54.51666667,0.15326163,0.15326163,0.05293349
54.53333333,0.15324229,0.15324229,0.05293182
54.55000000,0.15322297,0.15322297,0.05293015
54.56666667,0.15320365,0.15320365,0.05292848
54.58333333,0.15318435,0.15318435,0.05292681
54.60000000,0.15316506,0.15316506,0.05292514
54.61666667,0.15314578,0.15314578,0.05292347
54.63333333,0.15312651,0.15312651,0.05292181
54.65000000,0.15310725,0.15310725,0.05292014
54.66666667,0.15308800,0.15308800,0.05291848
54.68333333,0.15306876,0.15306876,0.05291682
54.70000000,0.15304954,0.15304954,0.05291516
54.71666667,0.15303033,0.15303033,0.05291351
54.73333333,0.15301113,0.15301113,0.05291185
54.75000000,0.15299194,0.15299194,0.05291020
54.76666667,0.15297276,0.15297276,0.05290854
54.78333333,0.15295359,0.15295359,0.05290689
54.80000000,0.15293443,0.15293443,0.05290524
54.81666667,0.15291529,0.15291529,0.05290360
54.83333333,0.15289615,0.15289615,0.05290195
54.85000000,0.15287703,0.15287703,0.05290031
54.86666667,0.15285792,0.15285792,0.05289866
54.88333333,0.15283882,0.15283882,0.05289702
54.90000000,0.15281973,0.15281973,0.05289538
54.91666667,0.15280065,0.15280065,0.05289374
54.93333333,0.15278158,0.15278158,0.05289211
54.95000000,0.15276253,0.15276253,0.05289047
54.96666667,0.15274348,0.15274348,0.05288884
54.98333333,0.15272445,0.15272445,0.05288720
55.00000000,0.15270543,0.15270543,0.05288557
55.01666667,0.15268642,0.15268642,0.05288394
55.03333333,0.15266742,0.15266742,0.05288232
55.05000000,0.15264843,0.15264843,0.05288069
55.06666667,0.15262945,0.15262945,0.05287907
55.08333333,0.15261048,0.15261048,0.05287744
55.10000000,0.15259153,0.15259153,0.05287582
55.11666667,0.15257258,0.15257258,0.05287420
55.13333333,0.15255365,0.15255365,0.05287258
55.15000000,0.15253473,0.15253473,0.05287096
55.16666667,0.15251582,0.15251582,0.05286935
55.18333333,0.15249691,0.15249691,0.05286774
55.20000000,0.15247803,0.15247803,0.05286612
55.21666667,0.15245915,0.15245915,0.05286451
55.23333333,0.15244028,0.15244028,0.05286290
55.25000000,0.15242142,0.15242142,0.05286129
55.26666667,0.15240258,0.15240258,0.05285969
55.28333333,0.15238374,0.15238374,0.05285808
55.30000000,0.15236492,0.15236492,0.05285648
55.31666667,0.15234611,0.15234611,0.05285488
55.33333333,0.15232730,0.15232730,0.05285328
55.35000000,0.15230851,0.15230851,0.05285168
55.36666667,0.15228973,0.15228973,0.05285008
55.38333333,0.15227096,0.15227096,0.05284848
55.40000000,0.15225221,0.15225221,0.05284689
55.41666667,0.15223346,0.15223346,0.05284530
55.43333333,0.15221472,0.15221472,0.05284370
55.45000000,0.15219600,0.15219600,0.05284211
55.46666667,0.15217728,0.15217728,0.05284053
55.48333333,0.15215858,0.15215858,0.05283894
55.50000000,0.15213988,0.15213988,0.05283735
55.51666667,0.15212120,0.15212120,0.05283577
55.53333333,0.15210253,0.15210253,0.05283419
55.55000000,0.15208387,0.15208387,0.05283260
55.56666667,0.15206522,0.15206522,0.05283102
55.58333333,0.15204658,0.15204658,0.05282945
55.60000000,0.15202795,0.15202795,0.05282787
55.61666667,0.15200933,0.15200933,0.05282629
55.63333333,0.15199073,0.15199073,0.05282472
55.65000000,0.15197213,0.15197213,0.05282315
55.66666667,0.15195355,0.15195355,0.05282158
55.68333333,0.15193497,0.15193497,0.05282001
55.70000000,0.15191641,0.15191641,0.05281844
55.71666667,0.15189785,0.15189785,0.05281687
55.73333333,0.15187931,0.15187931,0.05281531
55.75000000,0.15186078,0.15186078,0.05281374
55.76666667,0.15184226,0.15184226,0.05281218
55.78333333,0.15182375,0.15182375,0.05281062
55.80000000,0.15180525,0.15180525,0.05280906
55.81666667,0.15178676,0.15178676,0.05280750
55.83333333,0.15176828,0.15176828,0.05280595
55.85000000,0.15174981,0.15174981,0.05280439
55.86666667,0.15173135,0.15173135,0.05280284
55.88333333,0.15171290,0.15171290,0.05280128
55.90000000,0.15169447,0.15169447,0.05279973
55.91666667,0.15167604,0.15167604,0.05279818
55.93333333,0.15165763,0.15165763,0.05279664
55.95000000,0.15163922,0.15163922,0.05279509
55.96666667,0.15162083,0.15162083,0.05279354
55.98333333,0.15160244,0.15160244,0.05279200
56.00000000,0.15158407,0.15158407,0.05279046
56.01666667,0.15156571,0.15156571,0.05278892
56.03333333,0.15154735,0.15154735,0.05278738
56.05000000,0.15152901,0.15152901,0.05278584
56.06666667,0.15151068,0.15151068,0.05278430
56.08333333,0.15149236,0.15149236,0.05278277
56.10000000,0.15147405,0.15147405,0.05278123
56.11666667,0.15145575,0.15145575,0.05277970
56.13333333,0.15143746,0.15143746,0.05277817
56.15000000,0.15141918,0.15141918,0.05277664
56.16666667,0.15140091,0.15140091,0.05277511
56.18333333,0.15138265,0.15138265,0.05277359
56.20000000,0.15136441,0.15136441,0.05277206
56.21666667,0.15134617,0.15134617,0.05277054
56.23333333,0.15132794,0.15132794,0.05276901
56.25000000,0.15130972,0.15130972,0.05276749
56.26666667,0.15129152,0.15129152,0.05276597
56.28333333,0.15127332,0.15127332,0.05276445
56.30000000,0.15125514,0.15125514,0.05276294
56.31666667,0.15123696,0.15123696,0.05276142
56.33333333,0.15121880,0.15121880,0.05275991
56.35000000,0.15120064,0.15120064,0.05275839
56.36666667,0.15118250,0.15118250,0.05275688
56.38333333,0.15116436,0.15116436,0.05275537
56.40000000,0.15114624,0.15114624,0.05275386
56.41666667,0.15112812,0.15112812,0.05275236
56.43333333,0.15111002,0.15111002,0.05275085
56.45000000,0.15109193,0.15109193,0.05274934
56.46666667,0.15107384,0.15107384,0.05274784
56.48333333,0.15105577,0.15105577,0.05274634
56.50000000,0.15103771,0.15103771,0.05274484
56.51666667,0.15101966,0.15101966,0.05274334
56.53333333,0.15100162,0.15100162,0.05274184
56.55000000,0.15098358,0.15098358,0.05274034
56.56666667,0.15096556,0.15096556,0.05273885
56.58333333,0.15094755,0.15094755,0.05273736
56.60000000,0.15092955,0.15092955,0.05273586
56.61666667,0.15091156,0.15091156,0.05273437
56.63333333,0.15089358,0.15089358,0.05273288
56.65000000,0.15087561,0.15087561,0.05273139
56.66666667,0.15085764,0.15085764,0.05272991
56.68333333,0.15083969,0.15083969,0.05272842
56.70000000,0.15082175,0.15082175,0.05272694
56.71666667,0.15080382,0.15080382,0.05272545
56.73333333,0.15078590,0.15078590,0.05272397
56.75000000,0.15076799,0.15076799,0.05272249
56.76666667,0.15075009,0.15075009,0.05272101
56.78333333,0.15073220,0.15073220,0.05271954
56.80000000,0.15071432,0.15071432,0.05271806
56.81666667,0.15069645,0.15069645,0.05271658
56.83333333,0.15067859,0.15067859,0.05271511
56.85000000,0.15066074,0.15066074,0.05271364
56.86666667,0.15064290,0.15064290,0.05271217
56.88333333,0.15062507,0.15062507,0.05271070
56.90000000,0.15060725,0.15060725,0.05270923
56.91666667,0.15058944,0.15058944,0.05270776
56.93333333,0.15057164,0.15057164,0.05270630
56.95000000,0.15055385,0.15055385,0.05270483
56.96666667,0.15053607,0.15053607,0.05270337
56.98333333,0.15051830,0.15051830,0.05270191
57.00000000,0.15050054,0.15050054,0.05270045
57.01666667,0.15048279,0.15048279,0.05269899
57.03333333,0.15046505,0.15046505,0.05269753
57.05000000,0.15044732,0.15044732,0.05269607
57.06666667,0.15042960,0.15042960,0.05269462
57.08333333,0.15041189,0.15041189,0.05269316
57.10000000,0.15039419,0.15039419,0.05269171
57.11666667,0.15037650,0.15037650,0.05269026
57.13333333,0.15035882,0.15035882,0.05268881
57.15000000,0.15034115,0.15034115,0.05268736
57.16666667,0.15032349,0.15032349,0.05268591
57.18333333,0.15030583,0.15030583,0.05268447
57.20000000,0.15028819,0.15028819,0.05268302
57.21666667,0.15027056,0.15027056,0.05268158
57.23333333,0.15025294,0.15025294,0.05268014
57.25000000,0.15023533,0.15023533,0.05267870
57.26666667,0.15021772,0.15021772,0.05267726
57.28333333,0.15020013,0.15020013,0.05267582
57.30000000,0.15018255,0.15018255,0.05267438
57.31666667,0.15016498,0.15016498,0.05267295
57.33333333,0.15014741,0.15014741,0.05267151
57.35000000,0.15012986,0.15012986,0.05267008
57.36666667,0.15011232,0.15011232,0.05266865
57.38333333,0.15009478,0.15009478,0.05266722
57.40000000,0.15007726,0.15007726,0.05266579
57.41666667,0.15005974,0.15005974,0.05266436
57.43333333,0.15004224,0.15004224,0.05266293
57.45000000,0.15002474,0.15002474,0.05266151
57.46666667,0.15000726,0.15000726,0.05266008
57.48333333,0.14998978,0.14998978,0.05265866
